{
  "cve_id": "CVE-2019-19923",
  "cve_desc": "flattenSubquery in select.c in SQLite 3.30.1 mishandles certain uses of SELECT DISTINCT involving a LEFT JOIN in which the right-hand side is a view. This can cause a NULL pointer dereference (or incorrect results).",
  "repo": "sqlite/sqlite",
  "patch_hash": "396afe6f6aa90a31303c183e11b2b2d4b7956b35",
  "patch_info": {
    "commit_hash": "396afe6f6aa90a31303c183e11b2b2d4b7956b35",
    "repo": "sqlite/sqlite",
    "commit_url": "https://github.com/sqlite/sqlite/commit/396afe6f6aa90a31303c183e11b2b2d4b7956b35",
    "files": [
      "manifest",
      "manifest.uuid",
      "src/select.c",
      "test/join.test"
    ],
    "message": "Continue to back away from the LEFT JOIN optimization of check-in [41c27bc0ff1d3135] by disallowing query flattening if the outer query is DISTINCT.  Without this fix, if an index scan is run on the table within the view on the right-hand side of the LEFT JOIN, stale result registers might be accessed yielding incorrect results, and/or an OP_IfNullRow opcode might be invoked on the un-opened table, resulting in a NULL-pointer dereference.  This problem was found by the Yongheng and Rui fuzzer.\n\nFossilOrigin-Name: 862974312edf00e9d1068115d1a39b7235b7db68b6d86b81d38a12f025a4748e",
    "before_after_code_files": [
      "manifest.uuid||manifest.uuid",
      "src/select.c||src/select.c",
      "test/join.test||test/join.test"
    ]
  },
  "patch_diff": {
    "manifest.uuid||manifest.uuid": [
      "File: manifest.uuid -> manifest.uuid",
      "--- Hunk 1 ---",
      "[Context before]",
      "[No context available]",
      "",
      "[Removed Lines]",
      "1: 289158aa24b066c453d2bce4bc2dead1c56fb0b23c3f7c4810b34b13627cef34",
      "",
      "[Added Lines]",
      "[None]",
      "",
      "---------------"
    ],
    "src/select.c||src/select.c": [
      "File: src/select.c -> src/select.c",
      "--- Hunk 1 ---",
      "[Context before]",
      "3797:   if( (pSubitem->fg.jointype & JT_OUTER)!=0 ){",
      "3798:     isLeftJoin = 1;",
      "3801:       return 0;",
      "3802:     }",
      "3803:   }",
      "",
      "[Removed Lines]",
      "3799:     if( pSubSrc->nSrc>1 || isAgg || IsVirtual(pSubSrc->a[0].pTab) ){",
      "",
      "[Added Lines]",
      "3804:     ){",
      "",
      "---------------"
    ],
    "test/join.test||test/join.test": [
      "File: test/join.test -> test/join.test",
      "--- Hunk 1 ---",
      "[Context before]",
      "975:   SELECT 24, * FROM t1 LEFT JOIN t0 ON +aa ISNULL;",
      "976: } {13 1 {} 14 1 {} 23 1 {} 24 1 {}}",
      "978: finish_test",
      "",
      "[Removed Lines]",
      "[None]",
      "",
      "[Added Lines]",
      "978: # 2019-12-18 problem with a LEFT JOIN where the RHS is a view.",
      "979: # Detected by Yongheng and Rui.",
      "980: # Follows from the optimization attempt of check-in 41c27bc0ff1d3135",
      "981: # on 2017-04-18",
      "982: #",
      "983: reset_db",
      "984: do_execsql_test join-22.10 {",
      "985:   CREATE TABLE t0(a, b);",
      "986:   CREATE INDEX t0a ON t0(a);",
      "987:   INSERT INTO t0 VALUES(10,10),(10,11),(10,12);",
      "988:   SELECT DISTINCT c FROM t0 LEFT JOIN (SELECT a+1 AS c FROM t0) ORDER BY c ;",
      "989: } {11}",
      "",
      "---------------"
    ]
  },
  "candidates": [
    {
      "candidate_hash": "375afb8bda4d6583ba600a7716406bfcb6d53014",
      "candidate_info": {
        "commit_hash": "375afb8bda4d6583ba600a7716406bfcb6d53014",
        "repo": "sqlite/sqlite",
        "commit_url": "https://github.com/sqlite/sqlite/commit/375afb8bda4d6583ba600a7716406bfcb6d53014",
        "files": [
          "manifest",
          "manifest.uuid",
          "src/select.c",
          "test/select1.test",
          "test/with1.test"
        ],
        "message": "Fix a problem in the code generator for sorting results with SRT_EphemTab and a LIMIT clause.\n\nFossilOrigin-Name: 49fcde2f1f981ac0c75728bed3444e7c1d3167311db282d3375c96ce090b2210",
        "before_after_code_files": [
          "manifest.uuid||manifest.uuid",
          "src/select.c||src/select.c",
          "test/select1.test||test/select1.test",
          "test/with1.test||test/with1.test"
        ]
      },
      "candidate_patch_features": {
        "candidate_earlier_than_patch": 1,
        "same_branch_evolution": 1,
        "olp_code_files": {
          "patch": [
            "manifest.uuid||manifest.uuid",
            "src/select.c||src/select.c"
          ],
          "candidate": [
            "manifest.uuid||manifest.uuid",
            "src/select.c||src/select.c"
          ]
        }
      },
      "candidate_diff": {
        "manifest.uuid||manifest.uuid": [
          "File: manifest.uuid -> manifest.uuid",
          "--- Hunk 1 ---",
          "[Context before]",
          "[No context available]",
          "",
          "[Removed Lines]",
          "1: b4b5741366578b25ec6e4c415ab8239215e53b1c900be613575f40a826cfccc9",
          "",
          "[Added Lines]",
          "[None]",
          "",
          "---------------"
        ],
        "src/select.c||src/select.c": [
          "File: src/select.c -> src/select.c",
          "--- Hunk 1 ---",
          "[Context before]",
          "1457:     regRow = pDest->iSdst;",
          "1458:   }else{",
          "1459:     regRowid = sqlite3GetTempReg(pParse);",
          "1461:   }",
          "1462:   nKey = pOrderBy->nExpr - pSort->nOBSat;",
          "1463:   if( pSort->sortFlags & SORTFLAG_UseSorter ){",
          "",
          "[Removed Lines]",
          "1460:     regRow = sqlite3GetTempRange(pParse, nColumn);",
          "",
          "[Added Lines]",
          "1460:     if( eDest==SRT_EphemTab || eDest==SRT_Table ){",
          "1461:       regRow = sqlite3GetTempReg(pParse);",
          "1462:       nColumn = 0;",
          "1463:     }else{",
          "1464:       regRow = sqlite3GetTempRange(pParse, nColumn);",
          "1465:     }",
          "",
          "---------------",
          "--- Hunk 2 ---",
          "[Context before]",
          "1537:   switch( eDest ){",
          "1538:     case SRT_Table:",
          "1539:     case SRT_EphemTab: {",
          "1540:       sqlite3VdbeAddOp2(v, OP_NewRowid, iParm, regRowid);",
          "1541:       sqlite3VdbeAddOp3(v, OP_Insert, iParm, regRow, regRowid);",
          "1542:       sqlite3VdbeChangeP5(v, OPFLAG_APPEND);",
          "",
          "[Removed Lines]",
          "[None]",
          "",
          "[Added Lines]",
          "1545:       sqlite3VdbeAddOp3(v, OP_Column, iSortTab, nKey+bSeq, regRow);",
          "",
          "---------------"
        ],
        "test/select1.test||test/select1.test": [
          "File: test/select1.test -> test/select1.test",
          "--- Hunk 1 ---",
          "[Context before]",
          "1080: do_catchsql_test select1-16.2 {",
          "1081:   SELECT 1 FROM sqlite_master LIMIT 1,#1;",
          "1082: } {1 {near \"#1\": syntax error}}",
          "1084: finish_test",
          "",
          "[Removed Lines]",
          "[None]",
          "",
          "[Added Lines]",
          "1084: # 2019-01-16 Chromium bug 922312",
          "1085: # Sorting with a LIMIT clause using SRT_EphemTab and SRT_Table",
          "1086: #",
          "1087: do_execsql_test select1-17.1 {",
          "1088:   DROP TABLE IF EXISTS t1;",
          "1089:   DROP TABLE IF EXISTS t2;",
          "1090:   CREATE TABLE t1(x);   INSERT INTO t1 VALUES(1);",
          "1091:   CREATE TABLE t2(y,z); INSERT INTO t2 VALUES(2,3);",
          "1092:   CREATE INDEX t2y ON t2(y);",
          "1093:   SELECT * FROM t1,(SELECT * FROM t2 WHERE y=2 ORDER BY y,z);",
          "1094: } {1 2 3}",
          "1095: do_execsql_test select1-17.2 {",
          "1096:   SELECT * FROM t1,(SELECT * FROM t2 WHERE y=2 ORDER BY y,z LIMIT 4);",
          "1097: } {1 2 3}",
          "1098: do_execsql_test select1-17.3 {",
          "1099:   SELECT * FROM t1,(SELECT * FROM t2 WHERE y=2",
          "1100:          UNION ALL SELECT * FROM t2 WHERE y=3 ORDER BY y,z LIMIT 4);",
          "1101: } {1 2 3}",
          "",
          "---------------"
        ],
        "test/with1.test||test/with1.test": [
          "File: test/with1.test -> test/with1.test",
          "--- Hunk 1 ---",
          "[Context before]",
          "1056:   )",
          "1057:   SELECT * FROM t21 AS tA, t21 AS tB",
          "1058: } {1 1 1 1}",
          "1059: do_execsql_test 21.2 {",
          "1060:   SELECT printf('',",
          "1061:      EXISTS (WITH RECURSIVE Table0 AS (WITH Table0 AS (SELECT DISTINCT 1)",
          "",
          "[Removed Lines]",
          "[None]",
          "",
          "[Added Lines]",
          "1059: do_execsql_test 21.1b {",
          "1061:    WITH RECURSIVE t21(a,b) AS (",
          "1062:     WITH t21(x) AS (VALUES(1))",
          "1063:     SELECT x, x FROM t21 ORDER BY 1 LIMIT 5",
          "1064:   )",
          "1065:   SELECT * FROM t21 AS tA, t21 AS tB",
          "1066: } {1 1 1 1}",
          "",
          "---------------"
        ]
      }
    },
    {
      "candidate_hash": "07312a6b06b09d64e964c2e346cd253d839c3132",
      "candidate_info": {
        "commit_hash": "07312a6b06b09d64e964c2e346cd253d839c3132",
        "repo": "sqlite/sqlite",
        "commit_url": "https://github.com/sqlite/sqlite/commit/07312a6b06b09d64e964c2e346cd253d839c3132",
        "files": [
          "manifest",
          "manifest.uuid",
          "src/shell.c.in"
        ],
        "message": "Fix a typo in an option name for the .dbconfig command in shell.c.in: s/wriable_schema/writable_schema/\n\nFossilOrigin-Name: 1c58522e49cd91426bca7efccf0d99e0f2803dcd5991ae5d56166fc5510e4c62",
        "before_after_code_files": [
          "manifest.uuid||manifest.uuid",
          "src/shell.c.in||src/shell.c.in"
        ]
      },
      "candidate_patch_features": {
        "candidate_earlier_than_patch": 1,
        "same_branch_evolution": 1,
        "olp_code_files": {
          "patch": [
            "manifest.uuid||manifest.uuid"
          ],
          "candidate": [
            "manifest.uuid||manifest.uuid"
          ]
        }
      },
      "candidate_diff": {
        "manifest.uuid||manifest.uuid": [
          "File: manifest.uuid -> manifest.uuid",
          "--- Hunk 1 ---",
          "[Context before]",
          "[No context available]",
          "",
          "[Removed Lines]",
          "1: 45bfcb88e71451a656982e217375e257fc8e68374349c2984be1266bf86fb8cf",
          "",
          "[Added Lines]",
          "[None]",
          "",
          "---------------"
        ],
        "src/shell.c.in||src/shell.c.in": [
          "File: src/shell.c.in -> src/shell.c.in",
          "--- Hunk 1 ---",
          "[Context before]",
          "7084:         { \"trigger_eqp\",        SQLITE_DBCONFIG_TRIGGER_EQP           },",
          "7085:         { \"reset_database\",     SQLITE_DBCONFIG_RESET_DATABASE        },",
          "7086:         { \"defensive\",          SQLITE_DBCONFIG_DEFENSIVE             },",
          "7088:         { \"legacy_alter_table\", SQLITE_DBCONFIG_LEGACY_ALTER_TABLE    },",
          "7089:         { \"dqs_dml\",            SQLITE_DBCONFIG_DQS_DML               },",
          "7090:         { \"dqs_ddl\",            SQLITE_DBCONFIG_DQS_DDL               },",
          "",
          "[Removed Lines]",
          "7087:         { \"wriable_schema\",     SQLITE_DBCONFIG_WRITABLE_SCHEMA       },",
          "",
          "[Added Lines]",
          "7087:         { \"writable_schema\",    SQLITE_DBCONFIG_WRITABLE_SCHEMA       },",
          "",
          "---------------"
        ]
      }
    },
    {
      "candidate_hash": "6603342f12fd09f1f5623c166f0d168ab636f9b6",
      "candidate_info": {
        "commit_hash": "6603342f12fd09f1f5623c166f0d168ab636f9b6",
        "repo": "sqlite/sqlite",
        "commit_url": "https://github.com/sqlite/sqlite/commit/6603342f12fd09f1f5623c166f0d168ab636f9b6",
        "files": [
          "manifest",
          "manifest.uuid",
          "src/window.c",
          "test/window8.tcl",
          "test/window8.test"
        ],
        "message": "Fix a problem with EXCLUDE clauses on window frames with no ORDER BY.\n\nFossilOrigin-Name: e0255063799a2a8531f0eaa8790334509591a5ababc5b915035b46d2faa80363",
        "before_after_code_files": [
          "manifest.uuid||manifest.uuid",
          "src/window.c||src/window.c",
          "test/window8.tcl||test/window8.tcl",
          "test/window8.test||test/window8.test"
        ]
      },
      "candidate_patch_features": {
        "candidate_earlier_than_patch": 1,
        "same_branch_evolution": 1,
        "olp_code_files": {
          "patch": [
            "manifest.uuid||manifest.uuid"
          ],
          "candidate": [
            "manifest.uuid||manifest.uuid"
          ]
        }
      },
      "candidate_diff": {
        "manifest.uuid||manifest.uuid": [
          "File: manifest.uuid -> manifest.uuid",
          "--- Hunk 1 ---",
          "[Context before]",
          "[No context available]",
          "",
          "[Removed Lines]",
          "1: e195948a6876efe01b5cf2ed67bc9015a781fda39dca668099cb7edc1d331818",
          "",
          "[Added Lines]",
          "[None]",
          "",
          "---------------"
        ],
        "src/window.c||src/window.c": [
          "File: src/window.c -> src/window.c",
          "--- Hunk 1 ---",
          "[Context before]",
          "1573:   }else if( pMWin->eExclude!=TK_NO ){",
          "1574:     int addr;",
          "1575:     int addrEq = 0;",
          "1579:     if( pMWin->eExclude==TK_TIES ){",
          "1581:     }",
          "1588:     if( addrEq ) sqlite3VdbeJumpHere(v, addrEq);",
          "1589:   }",
          "",
          "[Removed Lines]",
          "1576:     KeyInfo *pKeyInfo;",
          "1578:     pKeyInfo = sqlite3KeyInfoFromExprList(pParse, pMWin->pOrderBy, 0, 0);",
          "1580:       addrEq = sqlite3VdbeAddOp3(v, OP_Eq, regCRowid, lblNext, regRowid);",
          "1582:     windowReadPeerValues(p, csr, regPeer);",
          "1583:     sqlite3VdbeAddOp3(v, OP_Compare, regPeer, regCPeer, nPeer);",
          "1584:     sqlite3VdbeAppendP4(v, (void*)pKeyInfo, P4_KEYINFO);",
          "1585:     addr = sqlite3VdbeCurrentAddr(v)+1;",
          "1586:     sqlite3VdbeAddOp3(v, OP_Jump, addr, lblNext, addr);",
          "1587:     VdbeCoverageEqNe(v);",
          "",
          "[Added Lines]",
          "1576:     KeyInfo *pKeyInfo = 0;",
          "1578:     if( pMWin->pOrderBy ){",
          "1579:       pKeyInfo = sqlite3KeyInfoFromExprList(pParse, pMWin->pOrderBy, 0, 0);",
          "1580:     }",
          "1582:       addrEq = sqlite3VdbeAddOp3(v, OP_Eq, regCRowid, 0, regRowid);",
          "1583:     }",
          "1584:     if( pKeyInfo ){",
          "1585:       windowReadPeerValues(p, csr, regPeer);",
          "1586:       sqlite3VdbeAddOp3(v, OP_Compare, regPeer, regCPeer, nPeer);",
          "1587:       sqlite3VdbeAppendP4(v, (void*)pKeyInfo, P4_KEYINFO);",
          "1588:       addr = sqlite3VdbeCurrentAddr(v)+1;",
          "1589:       sqlite3VdbeAddOp3(v, OP_Jump, addr, lblNext, addr);",
          "1590:       VdbeCoverageEqNe(v);",
          "1591:     }else{",
          "1592:       sqlite3VdbeAddOp2(v, OP_Goto, 0, lblNext);",
          "",
          "---------------"
        ],
        "test/window8.tcl||test/window8.tcl": [
          "File: test/window8.tcl -> test/window8.tcl",
          "--- Hunk 1 ---",
          "[Context before]",
          "221:     ORDER BY a DESC NULLS LAST ROWS BETWEEN 1 PRECEDING AND 1 FOLLOWING",
          "222:   ) FROM t1 ORDER BY 1 NULLS FIRST;",
          "223: }",
          "224: finish_test",
          "",
          "[Removed Lines]",
          "[None]",
          "",
          "[Added Lines]",
          "225: ==========",
          "227: execsql_test 5.0 {",
          "228:   INSERT INTO t3 VALUES",
          "229:     (NULL, 'bb', 355), (NULL, 'cc', 158), (NULL, 'aa', 399),",
          "230:     ('JJ', NULL, 839), ('FF', NULL, 618), ('BB', NULL, 393),",
          "231:     (NULL, 'bb', 629), (NULL, NULL, 667), (NULL, NULL, 870);",
          "232: }",
          "234: foreach {tn ex} {",
          "235:   1  { EXCLUDE NO OTHERS }",
          "236:   2  { EXCLUDE CURRENT ROW }",
          "237:   3  { EXCLUDE GROUP }",
          "238:   4  { EXCLUDE TIES }",
          "239: } {",
          "240:   foreach {tn2 frame} {",
          "241:     1 { RANGE BETWEEN CURRENT ROW AND UNBOUNDED FOLLOWING }",
          "242:     2 { ORDER BY a NULLS FIRST",
          "243:         RANGE BETWEEN CURRENT ROW AND UNBOUNDED FOLLOWING }",
          "244:     3 { PARTITION BY coalesce(a, '')",
          "245:         RANGE BETWEEN CURRENT ROW AND UNBOUNDED FOLLOWING }",
          "246:     4 { ORDER BY a NULLS FIRST GROUPS 6 PRECEDING }",
          "247:     5 { ORDER BY c NULLS FIRST RANGE BETWEEN 6 PRECEDING AND 7 FOLLOWING }",
          "248:   } {",
          "249:     execsql_test 5.$tn.$tn2.1 \"",
          "250:       SELECT max(c) OVER win,",
          "251:              min(c) OVER win",
          "252:       FROM t3",
          "253:       WINDOW win AS ( $frame $ex )",
          "254:       ORDER BY 1 NULLS FIRST, 2 NULLS FIRST",
          "255:     \"",
          "257:     execsql_test 5.$tn.$tn2.2 \"",
          "258:       SELECT sum(c) FILTER (WHERE (c%2)!=0) OVER win,",
          "259:              rank() OVER win",
          "260:       FROM t3",
          "261:       WINDOW win AS ( $frame $ex )",
          "262:       ORDER BY 1 NULLS FIRST, 2 NULLS FIRST",
          "263:     \"",
          "264:   }",
          "265: }",
          "",
          "---------------"
        ],
        "test/window8.test||test/window8.test": [
          "File: test/window8.test -> test/window8.test",
          "--- Hunk 1 ---",
          "[Context before]",
          "3549:   ) FROM t1 ORDER BY 1 ;",
          "3550: } {5   6   8   9   10}",
          "3552: finish_test",
          "",
          "[Removed Lines]",
          "[None]",
          "",
          "[Added Lines]",
          "3552: #==========================================================================",
          "3554: do_execsql_test 5.0 {",
          "3555:   INSERT INTO t3 VALUES",
          "3556:     (NULL, 'bb', 355), (NULL, 'cc', 158), (NULL, 'aa', 399),",
          "3557:     ('JJ', NULL, 839), ('FF', NULL, 618), ('BB', NULL, 393),",
          "3558:     (NULL, 'bb', 629), (NULL, NULL, 667), (NULL, NULL, 870);",
          "3559: } {}",
          "3561: do_execsql_test 5.1.1.1 {",
          "3562:   SELECT max(c) OVER win,",
          "3563:              min(c) OVER win",
          "3564:       FROM t3",
          "3565:       WINDOW win AS (  RANGE BETWEEN CURRENT ROW AND UNBOUNDED FOLLOWING   EXCLUDE NO OTHERS  )",
          "3566:       ORDER BY 1 , 2",
          "3567: } {979 102   979 102   979 102   979 102   979 102   979 102   979 102",
          "3568:   979 102   979 102   979 102   979 102   979 102   979 102   979 102",
          "3569:   979 102   979 102   979 102   979 102   979 102   979 102   979 102",
          "3570:   979 102   979 102   979 102   979 102   979 102   979 102   979 102",
          "3571:   979 102   979 102   979 102   979 102   979 102   979 102   979 102",
          "3572:   979 102   979 102   979 102   979 102   979 102   979 102   979 102",
          "3573:   979 102   979 102   979 102   979 102   979 102   979 102   979 102",
          "3574:   979 102   979 102   979 102   979 102   979 102   979 102   979 102",
          "3575:   979 102   979 102   979 102   979 102   979 102   979 102   979 102",
          "3576:   979 102   979 102   979 102   979 102   979 102   979 102   979 102",
          "3577:   979 102   979 102   979 102   979 102   979 102   979 102   979 102",
          "3578:   979 102   979 102   979 102   979 102   979 102   979 102   979 102",
          "3579:   979 102   979 102   979 102   979 102   979 102}",
          "3581: do_execsql_test 5.1.1.2 {",
          "3582:   SELECT sum(c) FILTER (WHERE (c%2)!=0) OVER win,",
          "3583:              rank() OVER win",
          "3584:       FROM t3",
          "3585:       WINDOW win AS (  RANGE BETWEEN CURRENT ROW AND UNBOUNDED FOLLOWING   EXCLUDE NO OTHERS  )",
          "3586:       ORDER BY 1 , 2",
          "3587: } {23155 1   23155 1   23155 1   23155 1   23155 1   23155 1   23155 1",
          "3588:   23155 1   23155 1   23155 1   23155 1   23155 1   23155 1   23155 1",
          "3589:   23155 1   23155 1   23155 1   23155 1   23155 1   23155 1   23155 1",
          "3590:   23155 1   23155 1   23155 1   23155 1   23155 1   23155 1   23155 1",
          "3591:   23155 1   23155 1   23155 1   23155 1   23155 1   23155 1   23155 1",
          "3592:   23155 1   23155 1   23155 1   23155 1   23155 1   23155 1   23155 1",
          "3593:   23155 1   23155 1   23155 1   23155 1   23155 1   23155 1   23155 1",
          "3594:   23155 1   23155 1   23155 1   23155 1   23155 1   23155 1   23155 1",
          "3595:   23155 1   23155 1   23155 1   23155 1   23155 1   23155 1   23155 1",
          "3596:   23155 1   23155 1   23155 1   23155 1   23155 1   23155 1   23155 1",
          "3597:   23155 1   23155 1   23155 1   23155 1   23155 1   23155 1   23155 1",
          "3598:   23155 1   23155 1   23155 1   23155 1   23155 1   23155 1   23155 1",
          "3599:   23155 1   23155 1   23155 1   23155 1   23155 1}",
          "3601: do_execsql_test 5.1.2.1 {",
          "3602:   SELECT max(c) OVER win,",
          "3603:              min(c) OVER win",
          "3604:       FROM t3",
          "3605:       WINDOW win AS (  ORDER BY a",
          "3606:         RANGE BETWEEN CURRENT ROW AND UNBOUNDED FOLLOWING   EXCLUDE NO OTHERS  )",
          "3607:       ORDER BY 1 , 2",
          "3608: } {899 113   899 113   899 113   899 113   899 113   899 113   899 113",
          "3609:   899 113   899 113   899 113   899 113   899 113   899 113   899 113",
          "3610:   899 113   899 113   979 102   979 102   979 102   979 102   979 102",
          "3611:   979 102   979 102   979 102   979 102   979 102   979 102   979 102",
          "3612:   979 102   979 102   979 102   979 102   979 102   979 102   979 102",
          "3613:   979 102   979 102   979 102   979 102   979 102   979 102   979 102",
          "3614:   979 102   979 102   979 102   979 102   979 102   979 102   979 102",
          "3615:   979 102   979 102   979 102   979 102   979 102   979 102   979 102",
          "3616:   979 102   979 102   979 102   979 102   979 102   979 102   979 102",
          "3617:   979 102   979 102   979 102   979 102   979 102   979 102   979 102",
          "3618:   979 102   979 102   979 113   979 113   979 113   979 113   979 113",
          "3619:   979 113   979 113   979 113   979 113   979 113   979 113   979 113",
          "3620:   979 113   979 113   979 113   979 113   979 113}",
          "3622: do_execsql_test 5.1.2.2 {",
          "3623:   SELECT sum(c) FILTER (WHERE (c%2)!=0) OVER win,",
          "3624:              rank() OVER win",
          "3625:       FROM t3",
          "3626:       WINDOW win AS (  ORDER BY a",
          "3627:         RANGE BETWEEN CURRENT ROW AND UNBOUNDED FOLLOWING   EXCLUDE NO OTHERS  )",
          "3628:       ORDER BY 1 , 2",
          "3629: } {2947 81   2947 81   2947 81   2947 81   2947 81   2947 81   2947 81",
          "3630:   2947 81   2947 81   5287 74   5287 74   5287 74   5287 74   5287 74",
          "3631:   5287 74   5287 74   8400 65   8400 65   8400 65   8400 65   8400 65",
          "3632:   8400 65   8400 65   8400 65   8400 65   9664 57   9664 57   9664 57",
          "3633:   9664 57   9664 57   9664 57   9664 57   9664 57   10626 46   10626 46",
          "3634:   10626 46   10626 46   10626 46   10626 46   10626 46   10626 46   10626 46",
          "3635:   10626 46   10626 46   12145 41   12145 41   12145 41   12145 41   12145 41",
          "3636:   13949 34   13949 34   13949 34   13949 34   13949 34   13949 34   13949 34",
          "3637:   15315 28   15315 28   15315 28   15315 28   15315 28   15315 28   18796 15",
          "3638:   18796 15   18796 15   18796 15   18796 15   18796 15   18796 15   18796 15",
          "3639:   18796 15   18796 15   18796 15   18796 15   18796 15   21105 7   21105 7",
          "3640:   21105 7   21105 7   21105 7   21105 7   21105 7   21105 7   23155 1",
          "3641:   23155 1   23155 1   23155 1   23155 1   23155 1}",
          "3643: do_execsql_test 5.1.3.1 {",
          "3644:   SELECT max(c) OVER win,",
          "3645:              min(c) OVER win",
          "3646:       FROM t3",
          "3647:       WINDOW win AS (  PARTITION BY coalesce(a, '')",
          "3648:         RANGE BETWEEN CURRENT ROW AND UNBOUNDED FOLLOWING   EXCLUDE NO OTHERS  )",
          "3649:       ORDER BY 1 , 2",
          "3650: } {777 113   777 113   777 113   777 113   777 113   805 250   805 250",
          "3651:   805 250   805 250   805 250   805 250   805 250   822 158   822 158",
          "3652:   822 158   822 158   822 158   822 158   840 247   840 247   840 247",
          "3653:   840 247   840 247   840 247   840 247   840 247   840 247   840 247",
          "3654:   840 247   840 247   840 247   870 158   870 158   870 158   870 158",
          "3655:   870 158   870 158   899 113   899 113   899 113   899 113   899 113",
          "3656:   899 113   899 113   899 113   899 113   934 223   934 223   934 223",
          "3657:   934 223   934 223   934 223   934 223   934 223   938 102   938 102",
          "3658:   938 102   938 102   938 102   938 102   938 102   938 102   938 102",
          "3659:   938 102   938 102   938 148   938 148   938 148   938 148   938 148",
          "3660:   938 148   938 148   938 148   959 224   959 224   959 224   959 224",
          "3661:   959 224   959 224   959 224   979 133   979 133   979 133   979 133",
          "3662:   979 133   979 133   979 133   979 133   979 133}",
          "3664: do_execsql_test 5.1.3.2 {",
          "3665:   SELECT sum(c) FILTER (WHERE (c%2)!=0) OVER win,",
          "3666:              rank() OVER win",
          "3667:       FROM t3",
          "3668:       WINDOW win AS (  PARTITION BY coalesce(a, '')",
          "3669:         RANGE BETWEEN CURRENT ROW AND UNBOUNDED FOLLOWING   EXCLUDE NO OTHERS  )",
          "3670:       ORDER BY 1 , 2",
          "3671: } {962 1   962 1   962 1   962 1   962 1   962 1   962 1   962 1   962 1",
          "3672:   962 1   962 1   1264 1   1264 1   1264 1   1264 1   1264 1   1264 1",
          "3673:   1264 1   1264 1   1366 1   1366 1   1366 1   1366 1   1366 1   1366 1",
          "3674:   1519 1   1519 1   1519 1   1519 1   1519 1   1804 1   1804 1   1804 1",
          "3675:   1804 1   1804 1   1804 1   1804 1   2050 1   2050 1   2050 1   2050 1",
          "3676:   2050 1   2050 1   2309 1   2309 1   2309 1   2309 1   2309 1   2309 1",
          "3677:   2309 1   2309 1   2340 1   2340 1   2340 1   2340 1   2340 1   2340 1",
          "3678:   2340 1   2947 1   2947 1   2947 1   2947 1   2947 1   2947 1   2947 1",
          "3679:   2947 1   2947 1   3113 1   3113 1   3113 1   3113 1   3113 1   3113 1",
          "3680:   3113 1   3113 1   3113 1   3481 1   3481 1   3481 1   3481 1   3481 1",
          "3681:   3481 1   3481 1   3481 1   3481 1   3481 1   3481 1   3481 1   3481 1}",
          "3683: do_execsql_test 5.1.4.1 {",
          "3684:   SELECT max(c) OVER win,",
          "3685:              min(c) OVER win",
          "3686:       FROM t3",
          "3687:       WINDOW win AS (  ORDER BY a  GROUPS 6 PRECEDING   EXCLUDE NO OTHERS  )",
          "3688:       ORDER BY 1 , 2",
          "3689: } {870 158   870 158   870 158   870 158   870 158   870 158   934 158",
          "3690:   934 158   934 158   934 158   934 158   934 158   934 158   934 158",
          "3691:   934 158   934 158   934 158   934 158   934 158   934 158   934 158",
          "3692:   934 158   934 158   934 158   934 158   934 158   934 158   934 158",
          "3693:   934 158   934 158   934 158   934 158   934 158   959 102   959 102",
          "3694:   959 102   959 102   959 102   959 102   959 102   959 102   959 102",
          "3695:   959 102   959 102   959 102   959 102   959 102   959 102   959 102",
          "3696:   959 102   959 102   959 102   959 113   959 113   959 113   959 113",
          "3697:   959 113   959 158   959 158   959 158   959 158   959 158   959 158",
          "3698:   959 158   979 102   979 102   979 102   979 102   979 102   979 102",
          "3699:   979 102   979 102   979 102   979 102   979 102   979 102   979 102",
          "3700:   979 102   979 102   979 102   979 102   979 102   979 102   979 102",
          "3701:   979 102   979 102   979 102   979 102   979 102}",
          "3703: do_execsql_test 5.1.4.2 {",
          "3704:   SELECT sum(c) FILTER (WHERE (c%2)!=0) OVER win,",
          "3705:              rank() OVER win",
          "3706:       FROM t3",
          "3707:       WINDOW win AS (  ORDER BY a  GROUPS 6 PRECEDING   EXCLUDE NO OTHERS  )",
          "3708:       ORDER BY 1 , 2",
          "3709: } {2050 1   2050 1   2050 1   2050 1   2050 1   2050 1   4359 7   4359 7",
          "3710:   4359 7   4359 7   4359 7   4359 7   4359 7   4359 7   7840 15   7840 15",
          "3711:   7840 15   7840 15   7840 15   7840 15   7840 15   7840 15   7840 15",
          "3712:   7840 15   7840 15   7840 15   7840 15   9206 28   9206 28   9206 28",
          "3713:   9206 28   9206 28   9206 28   11010 34   11010 34   11010 34   11010 34",
          "3714:   11010 34   11010 34   11010 34   12368 74   12368 74   12368 74   12368 74",
          "3715:   12368 74   12368 74   12368 74   12529 41   12529 41   12529 41   12529 41",
          "3716:   12529 41   12705 57   12705 57   12705 57   12705 57   12705 57   12705 57",
          "3717:   12705 57   12705 57   13491 46   13491 46   13491 46   13491 46   13491 46",
          "3718:   13491 46   13491 46   13491 46   13491 46   13491 46   13491 46   13509 65",
          "3719:   13509 65   13509 65   13509 65   13509 65   13509 65   13509 65   13509 65",
          "3720:   13509 65   13949 81   13949 81   13949 81   13949 81   13949 81   13949 81",
          "3721:   13949 81   13949 81   13949 81}",
          "3723: do_execsql_test 5.1.5.1 {",
          "3724:   SELECT max(c) OVER win,",
          "3725:              min(c) OVER win",
          "3726:       FROM t3",
          "3727:       WINDOW win AS (  ORDER BY c  RANGE BETWEEN 6 PRECEDING AND 7 FOLLOWING   EXCLUDE NO OTHERS  )",
          "3728:       ORDER BY 1 , 2",
          "3729: } {102 102   113 113   113 113   133 133   148 148   160 158   160 158",
          "3730:   160 158   208 208   224 223   224 223   239 234   239 234   239 234",
          "3731:   252 247   257 247   257 247   257 250   257 252   295 295   309 309",
          "3732:   336 330   336 330   336 330   346 346   355 354   355 354   355 354",
          "3733:   399 393   399 393   399 393   399 393   399 393   412 412   421 421",
          "3734:   430 430   443 443   480 480   480 480   574 572   574 572   607 607",
          "3735:   618 618   618 618   634 627   634 627   634 627   634 627   634 629",
          "3736:   652 652   667 660   671 667   671 667   671 667   671 667   683 683",
          "3737:   711 705   716 705   716 711   730 726   730 726   762 759   768 759",
          "3738:   768 762   768 762   777 777   792 786   794 786   794 786   794 790",
          "3739:   805 805   822 822   845 839   845 839   845 839   845 839   845 839",
          "3740:   870 870   870 870   870 870   899 899   911 911   934 929   938 929",
          "3741:   938 934   938 934   963 959   963 959   979 979}",
          "3743: do_execsql_test 5.1.5.2 {",
          "3744:   SELECT sum(c) FILTER (WHERE (c%2)!=0) OVER win,",
          "3745:              rank() OVER win",
          "3746:       FROM t3",
          "3747:       WINDOW win AS (  ORDER BY c  RANGE BETWEEN 6 PRECEDING AND 7 FOLLOWING   EXCLUDE NO OTHERS  )",
          "3748:       ORDER BY 1 , 2",
          "3749: } {{} 1   {} 5   {} 6   {} 6   {} 8   {} 9   {} 25   {} 34   {} 36   {} 38",
          "3750:   {} 38   {} 40   {} 41   {} 43   {} 43   {} 50   {} 60   {} 61   {} 64",
          "3751:   {} 64   {} 67   {} 68   {} 69   {} 70   {} 72   {} 78   {} 78   {} 78",
          "3752:   {} 85   {} 85   133 4   223 10   223 11   226 2   226 2   239 12   239 13",
          "3753:   239 14   247 15   257 18   257 19   295 20   309 21   335 22   335 23",
          "3754:   335 24   421 35   443 37   504 16   504 17   607 42   683 56   710 26",
          "3755:   710 27   710 27   711 59   759 62   759 63   777 66   805 71   899 81",
          "3756:   911 82   929 83   929 84   979 89   1334 51   1416 57   1416 58   1584 29",
          "3757:   1584 29   1584 31   1584 32   1584 32   1891 49   1922 87   1922 88",
          "3758:   2005 52   2005 52   2005 54   2005 55   2518 45   2518 46   2518 46",
          "3759:   2518 48   2523 73   2523 73   2523 75   2523 76   2523 77}",
          "3761: do_execsql_test 5.2.1.1 {",
          "3762:   SELECT max(c) OVER win,",
          "3763:              min(c) OVER win",
          "3764:       FROM t3",
          "3765:       WINDOW win AS (  RANGE BETWEEN CURRENT ROW AND UNBOUNDED FOLLOWING   EXCLUDE CURRENT ROW  )",
          "3766:       ORDER BY 1 , 2",
          "3767: } {963 102   979 102   979 102   979 102   979 102   979 102   979 102",
          "3768:   979 102   979 102   979 102   979 102   979 102   979 102   979 102",
          "3769:   979 102   979 102   979 102   979 102   979 102   979 102   979 102",
          "3770:   979 102   979 102   979 102   979 102   979 102   979 102   979 102",
          "3771:   979 102   979 102   979 102   979 102   979 102   979 102   979 102",
          "3772:   979 102   979 102   979 102   979 102   979 102   979 102   979 102",
          "3773:   979 102   979 102   979 102   979 102   979 102   979 102   979 102",
          "3774:   979 102   979 102   979 102   979 102   979 102   979 102   979 102",
          "3775:   979 102   979 102   979 102   979 102   979 102   979 102   979 102",
          "3776:   979 102   979 102   979 102   979 102   979 102   979 102   979 102",
          "3777:   979 102   979 102   979 102   979 102   979 102   979 102   979 102",
          "3778:   979 102   979 102   979 102   979 102   979 102   979 102   979 102",
          "3779:   979 102   979 102   979 102   979 102   979 113}",
          "3781: do_execsql_test 5.2.1.2 {",
          "3782:   SELECT sum(c) FILTER (WHERE (c%2)!=0) OVER win,",
          "3783:              rank() OVER win",
          "3784:       FROM t3",
          "3785:       WINDOW win AS (  RANGE BETWEEN CURRENT ROW AND UNBOUNDED FOLLOWING   EXCLUDE CURRENT ROW  )",
          "3786:       ORDER BY 1 , 2",
          "3787: } {22176 1   22192 1   22196 1   22226 1   22244 1   22256 1   22310 1",
          "3788:   22316 1   22316 1   22350 1   22378 1   22396 1   22444 1   22450 1",
          "3789:   22472 1   22484 1   22488 1   22488 1   22522 1   22526 1   22526 1",
          "3790:   22528 1   22548 1   22712 1   22734 1   22756 1   22756 1   22762 1",
          "3791:   22762 1   22800 1   22800 1   22820 1   22846 1   22860 1   22898 1",
          "3792:   22908 1   22916 1   22932 1   23022 1   23042 1   23042 1   23155 1",
          "3793:   23155 1   23155 1   23155 1   23155 1   23155 1   23155 1   23155 1",
          "3794:   23155 1   23155 1   23155 1   23155 1   23155 1   23155 1   23155 1",
          "3795:   23155 1   23155 1   23155 1   23155 1   23155 1   23155 1   23155 1",
          "3796:   23155 1   23155 1   23155 1   23155 1   23155 1   23155 1   23155 1",
          "3797:   23155 1   23155 1   23155 1   23155 1   23155 1   23155 1   23155 1",
          "3798:   23155 1   23155 1   23155 1   23155 1   23155 1   23155 1   23155 1",
          "3799:   23155 1   23155 1   23155 1   23155 1   23155 1}",
          "3801: do_execsql_test 5.2.2.1 {",
          "3802:   SELECT max(c) OVER win,",
          "3803:              min(c) OVER win",
          "3804:       FROM t3",
          "3805:       WINDOW win AS (  ORDER BY a",
          "3806:         RANGE BETWEEN CURRENT ROW AND UNBOUNDED FOLLOWING   EXCLUDE CURRENT ROW  )",
          "3807:       ORDER BY 1 , 2",
          "3808: } {839 113   899 113   899 113   899 113   899 113   899 113   899 113",
          "3809:   899 113   899 113   899 113   899 113   899 113   899 113   899 113",
          "3810:   899 113   899 234   963 113   979 102   979 102   979 102   979 102",
          "3811:   979 102   979 102   979 102   979 102   979 102   979 102   979 102",
          "3812:   979 102   979 102   979 102   979 102   979 102   979 102   979 102",
          "3813:   979 102   979 102   979 102   979 102   979 102   979 102   979 102",
          "3814:   979 102   979 102   979 102   979 102   979 102   979 102   979 102",
          "3815:   979 102   979 102   979 102   979 102   979 102   979 102   979 102",
          "3816:   979 102   979 102   979 102   979 102   979 102   979 102   979 102",
          "3817:   979 102   979 102   979 102   979 102   979 102   979 102   979 102",
          "3818:   979 102   979 102   979 113   979 113   979 113   979 113   979 113",
          "3819:   979 113   979 113   979 113   979 113   979 113   979 113   979 113",
          "3820:   979 113   979 113   979 113   979 113   979 113}",
          "3822: do_execsql_test 5.2.2.2 {",
          "3823:   SELECT sum(c) FILTER (WHERE (c%2)!=0) OVER win,",
          "3824:              rank() OVER win",
          "3825:       FROM t3",
          "3826:       WINDOW win AS (  ORDER BY a",
          "3827:         RANGE BETWEEN CURRENT ROW AND UNBOUNDED FOLLOWING   EXCLUDE CURRENT ROW  )",
          "3828:       ORDER BY 1 , 2",
          "3829: } {2048 81   2108 81   2108 81   2690 81   2834 81   2947 81   2947 81",
          "3830:   2947 81   2947 81   4482 74   4616 74   4844 74   4866 74   5287 74",
          "3831:   5287 74   5287 74   7421 65   7437 65   7717 65   8045 65   8267 65",
          "3832:   8400 65   8400 65   8400 65   8400 65   8735 57   9329 57   9664 57",
          "3833:   9664 57   9664 57   9664 57   9664 57   9664 57   9959 46   10331 46",
          "3834:   10626 46   10626 46   10626 46   10626 46   10626 46   10626 46   10626 46",
          "3835:   10626 46   10626 46   11368 41   11516 41   12032 41   12145 41   12145 41",
          "3836:   12990 34   13104 34   13949 34   13949 34   13949 34   13949 34   13949 34",
          "3837:   14556 28   14708 28   15315 28   15315 28   15315 28   15315 28   18085 15",
          "3838:   18091 15   18163 15   18397 15   18403 15   18403 15   18549 15   18796 15",
          "3839:   18796 15   18796 15   18796 15   18796 15   18796 15   20194 7   20478 7",
          "3840:   20796 7   20866 7   20882 7   21105 7   21105 7   21105 7   22488 1",
          "3841:   22526 1   22756 1   22800 1   23155 1   23155 1}",
          "3843: do_execsql_test 5.2.3.1 {",
          "3844:   SELECT max(c) OVER win,",
          "3845:              min(c) OVER win",
          "3846:       FROM t3",
          "3847:       WINDOW win AS (  PARTITION BY coalesce(a, '')",
          "3848:         RANGE BETWEEN CURRENT ROW AND UNBOUNDED FOLLOWING   EXCLUDE CURRENT ROW  )",
          "3849:       ORDER BY 1 , 2",
          "3850: } {667 158   671 250   759 158   768 113   777 113   777 113   777 113",
          "3851:   777 252   792 247   805 250   805 250   805 250   805 250   805 250",
          "3852:   805 398   822 158   822 158   822 158   822 158   822 346   839 113",
          "3853:   840 247   840 247   840 247   840 247   840 247   840 247   840 247",
          "3854:   840 247   840 247   840 247   840 247   840 393   845 224   870 102",
          "3855:   870 158   870 158   870 158   870 158   870 355   899 113   899 113",
          "3856:   899 113   899 113   899 113   899 113   899 113   899 234   911 223",
          "3857:   929 148   934 223   934 223   934 223   934 223   934 223   934 223",
          "3858:   934 239   938 102   938 102   938 102   938 102   938 102   938 102",
          "3859:   938 102   938 102   938 102   938 148   938 148   938 148   938 148",
          "3860:   938 148   938 148   938 160   938 208   959 224   959 224   959 224",
          "3861:   959 224   959 224   959 238   963 133   979 133   979 133   979 133",
          "3862:   979 133   979 133   979 133   979 133   979 330}",
          "3864: do_execsql_test 5.2.3.2 {",
          "3865:   SELECT sum(c) FILTER (WHERE (c%2)!=0) OVER win,",
          "3866:              rank() OVER win",
          "3867:       FROM t3",
          "3868:       WINDOW win AS (  PARTITION BY coalesce(a, '')",
          "3869:         RANGE BETWEEN CURRENT ROW AND UNBOUNDED FOLLOWING   EXCLUDE CURRENT ROW  )",
          "3870:       ORDER BY 1 , 2",
          "3871: } {295 1   335 1   607 1   667 1   742 1   759 1   845 1   890 1   929 1",
          "3872:   959 1   962 1   962 1   962 1   962 1   962 1   962 1   962 1   962 1",
          "3873:   962 1   1264 1   1264 1   1264 1   1264 1   1264 1   1264 1   1366 1",
          "3874:   1366 1   1366 1   1366 1   1383 1   1398 1   1406 1   1421 1   1519 1",
          "3875:   1519 1   1535 1   1651 1   1669 1   1682 1   1695 1   1804 1   1804 1",
          "3876:   1804 1   1804 1   1804 1   1897 1   1919 1   2000 1   2048 1   2050 1",
          "3877:   2050 1   2070 1   2086 1   2108 1   2108 1   2134 1   2150 1   2309 1",
          "3878:   2309 1   2309 1   2340 1   2340 1   2340 1   2430 1   2690 1   2758 1",
          "3879:   2770 1   2776 1   2834 1   2848 1   2947 1   2947 1   2947 1   2947 1",
          "3880:   2980 1   3082 1   3088 1   3088 1   3113 1   3113 1   3113 1   3113 1",
          "3881:   3234 1   3481 1   3481 1   3481 1   3481 1   3481 1   3481 1}",
          "3883: do_execsql_test 5.2.4.1 {",
          "3884:   SELECT max(c) OVER win,",
          "3885:              min(c) OVER win",
          "3886:       FROM t3",
          "3887:       WINDOW win AS (  ORDER BY a  GROUPS 6 PRECEDING   EXCLUDE CURRENT ROW  )",
          "3888:       ORDER BY 1 , 2",
          "3889: } {667 158   870 158   870 158   870 158   870 158   870 355   911 158",
          "3890:   934 158   934 158   934 158   934 158   934 158   934 158   934 158",
          "3891:   934 158   934 158   934 158   934 158   934 158   934 158   934 158",
          "3892:   934 158   934 158   934 158   934 158   934 158   934 158   934 158",
          "3893:   934 158   934 158   934 158   934 158   934 158   934 158   959 102",
          "3894:   959 102   959 102   959 102   959 102   959 102   959 102   959 102",
          "3895:   959 102   959 102   959 102   959 102   959 102   959 102   959 102",
          "3896:   959 102   959 102   959 102   959 113   959 113   959 113   959 113",
          "3897:   959 113   959 158   959 158   959 158   959 158   959 158   959 158",
          "3898:   959 158   963 102   979 102   979 102   979 102   979 102   979 102",
          "3899:   979 102   979 102   979 102   979 102   979 102   979 102   979 102",
          "3900:   979 102   979 102   979 102   979 102   979 102   979 102   979 102",
          "3901:   979 102   979 102   979 102   979 102   979 102}",
          "3903: do_execsql_test 5.2.4.2 {",
          "3904:   SELECT sum(c) FILTER (WHERE (c%2)!=0) OVER win,",
          "3905:              rank() OVER win",
          "3906:       FROM t3",
          "3907:       WINDOW win AS (  ORDER BY a  GROUPS 6 PRECEDING   EXCLUDE CURRENT ROW  )",
          "3908:       ORDER BY 1 , 2",
          "3909: } {1383 1   1421 1   1651 1   1695 1   2050 1   2050 1   3448 7   3732 7",
          "3910:   4050 7   4120 7   4136 7   4359 7   4359 7   4359 7   7129 15   7135 15",
          "3911:   7207 15   7441 15   7447 15   7447 15   7593 15   7840 15   7840 15",
          "3912:   7840 15   7840 15   7840 15   7840 15   8447 28   8599 28   9206 28",
          "3913:   9206 28   9206 28   9206 28   10051 34   10165 34   11010 34   11010 34",
          "3914:   11010 34   11010 34   11010 34   11563 74   11697 74   11752 41   11776 57",
          "3915:   11900 41   11925 74   11947 74   12368 74   12368 74   12368 74   12370 57",
          "3916:   12416 41   12529 41   12529 41   12530 65   12546 65   12705 57   12705 57",
          "3917:   12705 57   12705 57   12705 57   12705 57   12824 46   12826 65   13050 81",
          "3918:   13110 81   13110 81   13154 65   13196 46   13376 65   13491 46   13491 46",
          "3919:   13491 46   13491 46   13491 46   13491 46   13491 46   13491 46   13491 46",
          "3920:   13509 65   13509 65   13509 65   13509 65   13692 81   13836 81   13949 81",
          "3921:   13949 81   13949 81   13949 81}",
          "3923: do_execsql_test 5.2.5.1 {",
          "3924:   SELECT max(c) OVER win,",
          "3925:              min(c) OVER win",
          "3926:       FROM t3",
          "3927:       WINDOW win AS (  ORDER BY c  RANGE BETWEEN 6 PRECEDING AND 7 FOLLOWING   EXCLUDE CURRENT ROW  )",
          "3928:       ORDER BY 1 , 2",
          "3929: } {{} {}   {} {}   {} {}   {} {}   {} {}   {} {}   {} {}   {} {}   {} {}",
          "3930:   {} {}   {} {}   {} {}   {} {}   {} {}   {} {}   {} {}   {} {}   {} {}",
          "3931:   {} {}   {} {}   113 113   113 113   158 158   160 158   160 158   223 223",
          "3932:   224 224   238 234   239 234   239 238   252 250   256 252   257 247",
          "3933:   257 247   257 250   335 330   336 330   336 335   355 354   355 354",
          "3934:   355 355   399 393   399 393   399 393   399 393   399 393   480 480",
          "3935:   480 480   572 572   574 574   618 618   618 618   633 629   634 627",
          "3936:   634 627   634 627   634 629   667 667   670 667   671 667   671 667",
          "3937:   671 667   711 711   711 711   716 705   726 726   730 730   762 762",
          "3938:   768 759   768 762   768 762   792 790   792 790   794 786   794 786",
          "3939:   844 839   845 839   845 839   845 839   845 839   870 870   870 870",
          "3940:   870 870   934 934   938 929   938 934   938 934   959 959   963 963}",
          "3942: do_execsql_test 5.2.5.2 {",
          "3943:   SELECT sum(c) FILTER (WHERE (c%2)!=0) OVER win,",
          "3944:              rank() OVER win",
          "3945:       FROM t3",
          "3946:       WINDOW win AS (  ORDER BY c  RANGE BETWEEN 6 PRECEDING AND 7 FOLLOWING   EXCLUDE CURRENT ROW  )",
          "3947:       ORDER BY 1 , 2",
          "3948: } {{} 1   {} 4   {} 5   {} 6   {} 6   {} 8   {} 9   {} 10   {} 14   {} 15",
          "3949:   {} 19   {} 20   {} 21   {} 23   {} 25   {} 34   {} 35   {} 36   {} 37",
          "3950:   {} 38   {} 38   {} 40   {} 41   {} 42   {} 43   {} 43   {} 50   {} 56",
          "3951:   {} 60   {} 61   {} 62   {} 64   {} 64   {} 66   {} 67   {} 68   {} 69",
          "3952:   {} 70   {} 71   {} 72   {} 78   {} 78   {} 78   {} 81   {} 82   {} 83",
          "3953:   {} 85   {} 85   {} 89   113 2   113 2   223 11   239 12   239 13   257 18",
          "3954:   335 22   335 24   355 27   355 27   504 16   504 17   705 58   710 26",
          "3955:   711 57   711 59   759 63   929 84   959 88   963 87   1185 32   1185 32",
          "3956:   1191 29   1191 29   1334 51   1334 55   1338 52   1338 52   1584 31",
          "3957:   1678 77   1684 73   1684 73   1885 48   1889 46   1889 46   1891 45",
          "3958:   1891 49   2005 54   2523 75   2523 76}",
          "3960: do_execsql_test 5.3.1.1 {",
          "3961:   SELECT max(c) OVER win,",
          "3962:              min(c) OVER win",
          "3963:       FROM t3",
          "3964:       WINDOW win AS (  RANGE BETWEEN CURRENT ROW AND UNBOUNDED FOLLOWING   EXCLUDE GROUP  )",
          "3965:       ORDER BY 1 , 2",
          "3966: } {{} {}   {} {}   {} {}   {} {}   {} {}   {} {}   {} {}   {} {}   {} {}",
          "3967:   {} {}   {} {}   {} {}   {} {}   {} {}   {} {}   {} {}   {} {}   {} {}",
          "3968:   {} {}   {} {}   {} {}   {} {}   {} {}   {} {}   {} {}   {} {}   {} {}",
          "3969:   {} {}   {} {}   {} {}   {} {}   {} {}   {} {}   {} {}   {} {}   {} {}",
          "3970:   {} {}   {} {}   {} {}   {} {}   {} {}   {} {}   {} {}   {} {}   {} {}",
          "3971:   {} {}   {} {}   {} {}   {} {}   {} {}   {} {}   {} {}   {} {}   {} {}",
          "3972:   {} {}   {} {}   {} {}   {} {}   {} {}   {} {}   {} {}   {} {}   {} {}",
          "3973:   {} {}   {} {}   {} {}   {} {}   {} {}   {} {}   {} {}   {} {}   {} {}",
          "3974:   {} {}   {} {}   {} {}   {} {}   {} {}   {} {}   {} {}   {} {}   {} {}",
          "3975:   {} {}   {} {}   {} {}   {} {}   {} {}   {} {}   {} {}   {} {}}",
          "3977: do_execsql_test 5.3.1.2 {",
          "3978:   SELECT sum(c) FILTER (WHERE (c%2)!=0) OVER win,",
          "3979:              rank() OVER win",
          "3980:       FROM t3",
          "3981:       WINDOW win AS (  RANGE BETWEEN CURRENT ROW AND UNBOUNDED FOLLOWING   EXCLUDE GROUP  )",
          "3982:       ORDER BY 1 , 2",
          "3983: } {{} 1   {} 1   {} 1   {} 1   {} 1   {} 1   {} 1   {} 1   {} 1   {} 1   {} 1",
          "3984:   {} 1   {} 1   {} 1   {} 1   {} 1   {} 1   {} 1   {} 1   {} 1   {} 1   {} 1",
          "3985:   {} 1   {} 1   {} 1   {} 1   {} 1   {} 1   {} 1   {} 1   {} 1   {} 1   {} 1",
          "3986:   {} 1   {} 1   {} 1   {} 1   {} 1   {} 1   {} 1   {} 1   {} 1   {} 1   {} 1",
          "3987:   {} 1   {} 1   {} 1   {} 1   {} 1   {} 1   {} 1   {} 1   {} 1   {} 1   {} 1",
          "3988:   {} 1   {} 1   {} 1   {} 1   {} 1   {} 1   {} 1   {} 1   {} 1   {} 1   {} 1",
          "3989:   {} 1   {} 1   {} 1   {} 1   {} 1   {} 1   {} 1   {} 1   {} 1   {} 1   {} 1",
          "3990:   {} 1   {} 1   {} 1   {} 1   {} 1   {} 1   {} 1   {} 1   {} 1   {} 1   {} 1",
          "3991:   {} 1}",
          "3993: do_execsql_test 5.3.2.1 {",
          "3994:   SELECT max(c) OVER win,",
          "3995:              min(c) OVER win",
          "3996:       FROM t3",
          "3997:       WINDOW win AS (  ORDER BY a",
          "3998:         RANGE BETWEEN CURRENT ROW AND UNBOUNDED FOLLOWING   EXCLUDE GROUP  )",
          "3999:       ORDER BY 1 , 2",
          "4000: } {{} {}   {} {}   {} {}   {} {}   {} {}   {} {}   {} {}   {} {}   {} {}",
          "4001:   899 113   899 113   899 113   899 113   899 113   899 113   899 113",
          "4002:   899 113   899 113   899 113   899 113   899 113   899 113   899 113",
          "4003:   899 113   899 113   979 102   979 102   979 102   979 102   979 102",
          "4004:   979 102   979 102   979 102   979 102   979 102   979 102   979 102",
          "4005:   979 102   979 102   979 102   979 102   979 102   979 102   979 102",
          "4006:   979 102   979 102   979 102   979 102   979 102   979 102   979 102",
          "4007:   979 102   979 102   979 102   979 102   979 102   979 102   979 102",
          "4008:   979 102   979 102   979 102   979 102   979 102   979 102   979 102",
          "4009:   979 102   979 102   979 102   979 102   979 102   979 113   979 113",
          "4010:   979 113   979 113   979 113   979 113   979 113   979 113   979 113",
          "4011:   979 113   979 113   979 113   979 113   979 113   979 113   979 113",
          "4012:   979 113   979 113   979 113}",
          "4014: do_execsql_test 5.3.2.2 {",
          "4015:   SELECT sum(c) FILTER (WHERE (c%2)!=0) OVER win,",
          "4016:              rank() OVER win",
          "4017:       FROM t3",
          "4018:       WINDOW win AS (  ORDER BY a",
          "4019:         RANGE BETWEEN CURRENT ROW AND UNBOUNDED FOLLOWING   EXCLUDE GROUP  )",
          "4020:       ORDER BY 1 , 2",
          "4021: } {{} 81   {} 81   {} 81   {} 81   {} 81   {} 81   {} 81   {} 81   {} 81",
          "4022:   2947 74   2947 74   2947 74   2947 74   2947 74   2947 74   2947 74",
          "4023:   5287 65   5287 65   5287 65   5287 65   5287 65   5287 65   5287 65",
          "4024:   5287 65   5287 65   8400 57   8400 57   8400 57   8400 57   8400 57",
          "4025:   8400 57   8400 57   8400 57   9664 46   9664 46   9664 46   9664 46",
          "4026:   9664 46   9664 46   9664 46   9664 46   9664 46   9664 46   9664 46",
          "4027:   10626 41   10626 41   10626 41   10626 41   10626 41   12145 34   12145 34",
          "4028:   12145 34   12145 34   12145 34   12145 34   12145 34   13949 28   13949 28",
          "4029:   13949 28   13949 28   13949 28   13949 28   15315 15   15315 15   15315 15",
          "4030:   15315 15   15315 15   15315 15   15315 15   15315 15   15315 15   15315 15",
          "4031:   15315 15   15315 15   15315 15   18796 7   18796 7   18796 7   18796 7",
          "4032:   18796 7   18796 7   18796 7   18796 7   21105 1   21105 1   21105 1",
          "4033:   21105 1   21105 1   21105 1}",
          "4035: do_execsql_test 5.3.3.1 {",
          "4036:   SELECT max(c) OVER win,",
          "4037:              min(c) OVER win",
          "4038:       FROM t3",
          "4039:       WINDOW win AS (  PARTITION BY coalesce(a, '')",
          "4040:         RANGE BETWEEN CURRENT ROW AND UNBOUNDED FOLLOWING   EXCLUDE GROUP  )",
          "4041:       ORDER BY 1 , 2",
          "4042: } {{} {}   {} {}   {} {}   {} {}   {} {}   {} {}   {} {}   {} {}   {} {}",
          "4043:   {} {}   {} {}   {} {}   {} {}   {} {}   {} {}   {} {}   {} {}   {} {}",
          "4044:   {} {}   {} {}   {} {}   {} {}   {} {}   {} {}   {} {}   {} {}   {} {}",
          "4045:   {} {}   {} {}   {} {}   {} {}   {} {}   {} {}   {} {}   {} {}   {} {}",
          "4046:   {} {}   {} {}   {} {}   {} {}   {} {}   {} {}   {} {}   {} {}   {} {}",
          "4047:   {} {}   {} {}   {} {}   {} {}   {} {}   {} {}   {} {}   {} {}   {} {}",
          "4048:   {} {}   {} {}   {} {}   {} {}   {} {}   {} {}   {} {}   {} {}   {} {}",
          "4049:   {} {}   {} {}   {} {}   {} {}   {} {}   {} {}   {} {}   {} {}   {} {}",
          "4050:   {} {}   {} {}   {} {}   {} {}   {} {}   {} {}   {} {}   {} {}   {} {}",
          "4051:   {} {}   {} {}   {} {}   {} {}   {} {}   {} {}   {} {}   {} {}}",
          "4053: do_execsql_test 5.3.3.2 {",
          "4054:   SELECT sum(c) FILTER (WHERE (c%2)!=0) OVER win,",
          "4055:              rank() OVER win",
          "4056:       FROM t3",
          "4057:       WINDOW win AS (  PARTITION BY coalesce(a, '')",
          "4058:         RANGE BETWEEN CURRENT ROW AND UNBOUNDED FOLLOWING   EXCLUDE GROUP  )",
          "4059:       ORDER BY 1 , 2",
          "4060: } {{} 1   {} 1   {} 1   {} 1   {} 1   {} 1   {} 1   {} 1   {} 1   {} 1   {} 1",
          "4061:   {} 1   {} 1   {} 1   {} 1   {} 1   {} 1   {} 1   {} 1   {} 1   {} 1   {} 1",
          "4062:   {} 1   {} 1   {} 1   {} 1   {} 1   {} 1   {} 1   {} 1   {} 1   {} 1   {} 1",
          "4063:   {} 1   {} 1   {} 1   {} 1   {} 1   {} 1   {} 1   {} 1   {} 1   {} 1   {} 1",
          "4064:   {} 1   {} 1   {} 1   {} 1   {} 1   {} 1   {} 1   {} 1   {} 1   {} 1   {} 1",
          "4065:   {} 1   {} 1   {} 1   {} 1   {} 1   {} 1   {} 1   {} 1   {} 1   {} 1   {} 1",
          "4066:   {} 1   {} 1   {} 1   {} 1   {} 1   {} 1   {} 1   {} 1   {} 1   {} 1   {} 1",
          "4067:   {} 1   {} 1   {} 1   {} 1   {} 1   {} 1   {} 1   {} 1   {} 1   {} 1   {} 1",
          "4068:   {} 1}",
          "4070: do_execsql_test 5.3.4.1 {",
          "4071:   SELECT max(c) OVER win,",
          "4072:              min(c) OVER win",
          "4073:       FROM t3",
          "4074:       WINDOW win AS (  ORDER BY a  GROUPS 6 PRECEDING   EXCLUDE GROUP  )",
          "4075:       ORDER BY 1 , 2",
          "4076: } {{} {}   {} {}   {} {}   {} {}   {} {}   {} {}   870 158   870 158   870 158",
          "4077:   870 158   870 158   870 158   870 158   870 158   934 158   934 158",
          "4078:   934 158   934 158   934 158   934 158   934 158   934 158   934 158",
          "4079:   934 158   934 158   934 158   934 158   934 158   934 158   934 158",
          "4080:   934 158   934 158   934 158   934 158   934 158   934 158   934 158",
          "4081:   934 158   934 158   934 158   959 102   959 102   959 102   959 102",
          "4082:   959 102   959 102   959 102   959 102   959 102   959 102   959 102",
          "4083:   959 102   959 102   959 102   959 102   959 102   959 102   959 113",
          "4084:   959 113   959 113   959 113   959 113   959 113   959 113   959 113",
          "4085:   959 113   959 113   959 113   959 158   959 158   959 158   959 158",
          "4086:   959 158   979 102   979 102   979 102   979 102   979 102   979 102",
          "4087:   979 102   979 102   979 102   979 102   979 102   979 102   979 102",
          "4088:   979 102   979 102   979 102}",
          "4090: do_execsql_test 5.3.4.2 {",
          "4091:   SELECT sum(c) FILTER (WHERE (c%2)!=0) OVER win,",
          "4092:              rank() OVER win",
          "4093:       FROM t3",
          "4094:       WINDOW win AS (  ORDER BY a  GROUPS 6 PRECEDING   EXCLUDE GROUP  )",
          "4095:       ORDER BY 1 , 2",
          "4096: } {{} 1   {} 1   {} 1   {} 1   {} 1   {} 1   2050 7   2050 7   2050 7   2050 7",
          "4097:   2050 7   2050 7   2050 7   2050 7   4359 15   4359 15   4359 15   4359 15",
          "4098:   4359 15   4359 15   4359 15   4359 15   4359 15   4359 15   4359 15",
          "4099:   4359 15   4359 15   7840 28   7840 28   7840 28   7840 28   7840 28",
          "4100:   7840 28   9206 34   9206 34   9206 34   9206 34   9206 34   9206 34",
          "4101:   9206 34   10028 74   10028 74   10028 74   10028 74   10028 74   10028 74",
          "4102:   10028 74   10396 65   10396 65   10396 65   10396 65   10396 65   10396 65",
          "4103:   10396 65   10396 65   10396 65   11002 81   11002 81   11002 81   11002 81",
          "4104:   11002 81   11002 81   11002 81   11002 81   11002 81   11010 41   11010 41",
          "4105:   11010 41   11010 41   11010 41   11441 57   11441 57   11441 57   11441 57",
          "4106:   11441 57   11441 57   11441 57   11441 57   12529 46   12529 46   12529 46",
          "4107:   12529 46   12529 46   12529 46   12529 46   12529 46   12529 46   12529 46",
          "4108:   12529 46}",
          "4110: do_execsql_test 5.3.5.1 {",
          "4111:   SELECT max(c) OVER win,",
          "4112:              min(c) OVER win",
          "4113:       FROM t3",
          "4114:       WINDOW win AS (  ORDER BY c  RANGE BETWEEN 6 PRECEDING AND 7 FOLLOWING   EXCLUDE GROUP  )",
          "4115:       ORDER BY 1 , 2",
          "4116: } {{} {}   {} {}   {} {}   {} {}   {} {}   {} {}   {} {}   {} {}   {} {}",
          "4117:   {} {}   {} {}   {} {}   {} {}   {} {}   {} {}   {} {}   {} {}   {} {}",
          "4118:   {} {}   {} {}   {} {}   {} {}   {} {}   {} {}   {} {}   {} {}   {} {}",
          "4119:   {} {}   {} {}   158 158   160 160   160 160   223 223   224 224   238 234",
          "4120:   239 234   239 238   252 250   256 252   257 247   257 247   257 250",
          "4121:   335 330   336 330   336 335   354 354   354 354   355 355   398 393",
          "4122:   398 393   399 393   399 398   399 398   572 572   574 574   633 629",
          "4123:   634 627   634 627   634 627   634 629   667 667   670 667   671 667",
          "4124:   671 670   671 670   711 711   711 711   716 705   726 726   730 730",
          "4125:   762 762   762 762   762 762   768 759   792 790   792 790   794 786",
          "4126:   794 786   844 839   845 839   845 839   845 840   845 840   934 934",
          "4127:   934 934   934 934   938 929   959 959   963 963}",
          "4129: do_execsql_test 5.3.5.2 {",
          "4130:   SELECT sum(c) FILTER (WHERE (c%2)!=0) OVER win,",
          "4131:              rank() OVER win",
          "4132:       FROM t3",
          "4133:       WINDOW win AS (  ORDER BY c  RANGE BETWEEN 6 PRECEDING AND 7 FOLLOWING   EXCLUDE GROUP  )",
          "4134:       ORDER BY 1 , 2",
          "4135: } {{} 1   {} 2   {} 2   {} 4   {} 5   {} 6   {} 6   {} 8   {} 9   {} 10",
          "4136:   {} 14   {} 15   {} 19   {} 20   {} 21   {} 23   {} 25   {} 27   {} 27",
          "4137:   {} 34   {} 35   {} 36   {} 37   {} 38   {} 38   {} 40   {} 41   {} 42",
          "4138:   {} 43   {} 43   {} 50   {} 56   {} 60   {} 61   {} 62   {} 64   {} 64",
          "4139:   {} 66   {} 67   {} 68   {} 69   {} 70   {} 71   {} 72   {} 78   {} 78",
          "4140:   {} 78   {} 81   {} 82   {} 83   {} 85   {} 85   {} 89   223 11   239 12",
          "4141:   239 13   257 18   335 22   335 24   504 16   504 17   671 52   671 52",
          "4142:   705 58   710 26   711 57   711 59   759 63   786 32   786 32   798 29",
          "4143:   798 29   845 73   845 73   929 84   959 88   963 87   1260 46   1260 46",
          "4144:   1334 51   1334 55   1584 31   1678 77   1885 48   1891 45   1891 49",
          "4145:   2005 54   2523 75   2523 76}",
          "4147: do_execsql_test 5.4.1.1 {",
          "4148:   SELECT max(c) OVER win,",
          "4149:              min(c) OVER win",
          "4150:       FROM t3",
          "4151:       WINDOW win AS (  RANGE BETWEEN CURRENT ROW AND UNBOUNDED FOLLOWING   EXCLUDE TIES  )",
          "4152:       ORDER BY 1 , 2",
          "4153: } {102 102   113 113   113 113   133 133   148 148   158 158   158 158",
          "4154:   160 160   208 208   223 223   224 224   234 234   238 238   239 239",
          "4155:   247 247   250 250   252 252   256 256   257 257   295 295   309 309",
          "4156:   330 330   335 335   336 336   346 346   354 354   355 355   355 355",
          "4157:   393 393   393 393   398 398   399 399   399 399   412 412   421 421",
          "4158:   430 430   443 443   480 480   480 480   572 572   574 574   607 607",
          "4159:   618 618   618 618   627 627   629 629   629 629   633 633   634 634",
          "4160:   652 652   660 660   667 667   667 667   670 670   671 671   683 683",
          "4161:   705 705   711 711   716 716   726 726   730 730   759 759   762 762",
          "4162:   768 768   768 768   777 777   786 786   790 790   792 792   794 794",
          "4163:   805 805   822 822   839 839   839 839   840 840   844 844   845 845",
          "4164:   870 870   870 870   870 870   899 899   911 911   929 929   934 934",
          "4165:   938 938   938 938   959 959   963 963   979 979}",
          "4167: do_execsql_test 5.4.1.2 {",
          "4168:   SELECT sum(c) FILTER (WHERE (c%2)!=0) OVER win,",
          "4169:              rank() OVER win",
          "4170:       FROM t3",
          "4171:       WINDOW win AS (  RANGE BETWEEN CURRENT ROW AND UNBOUNDED FOLLOWING   EXCLUDE TIES  )",
          "4172:       ORDER BY 1 , 2",
          "4173: } {{} 1   {} 1   {} 1   {} 1   {} 1   {} 1   {} 1   {} 1   {} 1   {} 1   {} 1",
          "4174:   {} 1   {} 1   {} 1   {} 1   {} 1   {} 1   {} 1   {} 1   {} 1   {} 1   {} 1",
          "4175:   {} 1   {} 1   {} 1   {} 1   {} 1   {} 1   {} 1   {} 1   {} 1   {} 1   {} 1",
          "4176:   {} 1   {} 1   {} 1   {} 1   {} 1   {} 1   {} 1   {} 1   {} 1   {} 1   {} 1",
          "4177:   {} 1   {} 1   {} 1   {} 1   113 1   113 1   133 1   223 1   239 1   247 1",
          "4178:   257 1   295 1   309 1   335 1   355 1   355 1   393 1   393 1   399 1",
          "4179:   399 1   421 1   443 1   607 1   627 1   629 1   629 1   633 1   667 1",
          "4180:   667 1   671 1   683 1   705 1   711 1   759 1   777 1   805 1   839 1",
          "4181:   839 1   845 1   899 1   911 1   929 1   959 1   963 1   979 1}",
          "4183: do_execsql_test 5.4.2.1 {",
          "4184:   SELECT max(c) OVER win,",
          "4185:              min(c) OVER win",
          "4186:       FROM t3",
          "4187:       WINDOW win AS (  ORDER BY a",
          "4188:         RANGE BETWEEN CURRENT ROW AND UNBOUNDED FOLLOWING   EXCLUDE TIES  )",
          "4189:       ORDER BY 1 , 2",
          "4190: } {113 113   234 234   257 257   336 336   354 354   768 768   839 839",
          "4191:   839 839   899 113   899 113   899 113   899 113   899 113   899 113",
          "4192:   899 113   899 113   899 113   899 113   899 113   899 113   899 113",
          "4193:   899 113   899 899   963 113   979 102   979 102   979 102   979 102",
          "4194:   979 102   979 102   979 102   979 102   979 102   979 102   979 102",
          "4195:   979 102   979 102   979 102   979 102   979 102   979 102   979 102",
          "4196:   979 102   979 102   979 102   979 102   979 102   979 102   979 102",
          "4197:   979 102   979 102   979 102   979 102   979 102   979 102   979 102",
          "4198:   979 102   979 102   979 102   979 102   979 102   979 102   979 102",
          "4199:   979 102   979 102   979 102   979 102   979 102   979 102   979 102",
          "4200:   979 113   979 113   979 113   979 113   979 113   979 113   979 113",
          "4201:   979 113   979 113   979 113   979 113   979 113   979 113   979 113",
          "4202:   979 113   979 113   979 113   979 113   979 113}",
          "4204: do_execsql_test 5.4.2.2 {",
          "4205:   SELECT sum(c) FILTER (WHERE (c%2)!=0) OVER win,",
          "4206:              rank() OVER win",
          "4207:       FROM t3",
          "4208:       WINDOW win AS (  ORDER BY a",
          "4209:         RANGE BETWEEN CURRENT ROW AND UNBOUNDED FOLLOWING   EXCLUDE TIES  )",
          "4210:       ORDER BY 1 , 2",
          "4211: } {{} 81   {} 81   {} 81   {} 81   113 81   257 81   839 81   839 81   899 81",
          "4212:   2947 74   2947 74   2947 74   3368 74   3390 74   3618 74   3752 74",
          "4213:   5287 65   5287 65   5287 65   5287 65   5420 65   5642 65   5970 65",
          "4214:   6250 65   6266 65   8400 57   8400 57   8400 57   8400 57   8400 57",
          "4215:   8400 57   8735 57   9329 57   9664 46   9664 46   9664 46   9664 46",
          "4216:   9664 46   9664 46   9664 46   9664 46   9664 46   9959 46   10331 46",
          "4217:   10626 41   10626 41   10739 41   11255 41   11403 41   12145 34   12145 34",
          "4218:   12145 34   12145 34   12145 34   12990 34   13104 34   13949 28   13949 28",
          "4219:   13949 28   13949 28   14556 28   14708 28   15315 15   15315 15   15315 15",
          "4220:   15315 15   15315 15   15315 15   15562 15   15708 15   15708 15   15714 15",
          "4221:   15948 15   16020 15   16026 15   18796 7   18796 7   18796 7   19019 7",
          "4222:   19035 7   19105 7   19423 7   19707 7   21105 1   21105 1   21460 1",
          "4223:   21504 1   21734 1   21772 1}",
          "4225: do_execsql_test 5.4.3.1 {",
          "4226:   SELECT max(c) OVER win,",
          "4227:              min(c) OVER win",
          "4228:       FROM t3",
          "4229:       WINDOW win AS (  PARTITION BY coalesce(a, '')",
          "4230:         RANGE BETWEEN CURRENT ROW AND UNBOUNDED FOLLOWING   EXCLUDE TIES  )",
          "4231:       ORDER BY 1 , 2",
          "4232: } {102 102   113 113   113 113   133 133   148 148   158 158   158 158",
          "4233:   160 160   208 208   223 223   224 224   234 234   238 238   239 239",
          "4234:   247 247   250 250   252 252   256 256   257 257   295 295   309 309",
          "4235:   330 330   335 335   336 336   346 346   354 354   355 355   355 355",
          "4236:   393 393   393 393   398 398   399 399   399 399   412 412   421 421",
          "4237:   430 430   443 443   480 480   480 480   572 572   574 574   607 607",
          "4238:   618 618   618 618   627 627   629 629   629 629   633 633   634 634",
          "4239:   652 652   660 660   667 667   667 667   670 670   671 671   683 683",
          "4240:   705 705   711 711   716 716   726 726   730 730   759 759   762 762",
          "4241:   768 768   768 768   777 777   786 786   790 790   792 792   794 794",
          "4242:   805 805   822 822   839 839   839 839   840 840   844 844   845 845",
          "4243:   870 870   870 870   870 870   899 899   911 911   929 929   934 934",
          "4244:   938 938   938 938   959 959   963 963   979 979}",
          "4246: do_execsql_test 5.4.3.2 {",
          "4247:   SELECT sum(c) FILTER (WHERE (c%2)!=0) OVER win,",
          "4248:              rank() OVER win",
          "4249:       FROM t3",
          "4250:       WINDOW win AS (  PARTITION BY coalesce(a, '')",
          "4251:         RANGE BETWEEN CURRENT ROW AND UNBOUNDED FOLLOWING   EXCLUDE TIES  )",
          "4252:       ORDER BY 1 , 2",
          "4253: } {{} 1   {} 1   {} 1   {} 1   {} 1   {} 1   {} 1   {} 1   {} 1   {} 1   {} 1",
          "4254:   {} 1   {} 1   {} 1   {} 1   {} 1   {} 1   {} 1   {} 1   {} 1   {} 1   {} 1",
          "4255:   {} 1   {} 1   {} 1   {} 1   {} 1   {} 1   {} 1   {} 1   {} 1   {} 1   {} 1",
          "4256:   {} 1   {} 1   {} 1   {} 1   {} 1   {} 1   {} 1   {} 1   {} 1   {} 1   {} 1",
          "4257:   {} 1   {} 1   {} 1   {} 1   113 1   113 1   133 1   223 1   239 1   247 1",
          "4258:   257 1   295 1   309 1   335 1   355 1   355 1   393 1   393 1   399 1",
          "4259:   399 1   421 1   443 1   607 1   627 1   629 1   629 1   633 1   667 1",
          "4260:   667 1   671 1   683 1   705 1   711 1   759 1   777 1   805 1   839 1",
          "4261:   839 1   845 1   899 1   911 1   929 1   959 1   963 1   979 1}",
          "4263: do_execsql_test 5.4.4.1 {",
          "4264:   SELECT max(c) OVER win,",
          "4265:              min(c) OVER win",
          "4266:       FROM t3",
          "4267:       WINDOW win AS (  ORDER BY a  GROUPS 6 PRECEDING   EXCLUDE TIES  )",
          "4268:       ORDER BY 1 , 2",
          "4269: } {158 158   355 355   399 399   629 629   667 667   870 158   870 158",
          "4270:   870 158   870 158   870 158   870 158   870 870   911 158   934 158",
          "4271:   934 158   934 158   934 158   934 158   934 158   934 158   934 158",
          "4272:   934 158   934 158   934 158   934 158   934 158   934 158   934 158",
          "4273:   934 158   934 158   934 158   934 158   934 158   934 158   934 158",
          "4274:   934 158   934 158   934 158   934 158   959 102   959 102   959 102",
          "4275:   959 102   959 102   959 102   959 102   959 102   959 102   959 102",
          "4276:   959 102   959 102   959 102   959 102   959 102   959 102   959 113",
          "4277:   959 113   959 113   959 113   959 113   959 113   959 113   959 113",
          "4278:   959 113   959 113   959 113   959 158   959 158   959 158   959 158",
          "4279:   959 158   963 102   979 102   979 102   979 102   979 102   979 102",
          "4280:   979 102   979 102   979 102   979 102   979 102   979 102   979 102",
          "4281:   979 102   979 102   979 102   979 102   979 102}",
          "4283: do_execsql_test 5.4.4.2 {",
          "4284:   SELECT sum(c) FILTER (WHERE (c%2)!=0) OVER win,",
          "4285:              rank() OVER win",
          "4286:       FROM t3",
          "4287:       WINDOW win AS (  ORDER BY a  GROUPS 6 PRECEDING   EXCLUDE TIES  )",
          "4288:       ORDER BY 1 , 2",
          "4289: } {{} 1   {} 1   355 1   399 1   629 1   667 1   2050 7   2050 7   2050 7",
          "4290:   2273 7   2289 7   2359 7   2677 7   2961 7   4359 15   4359 15   4359 15",
          "4291:   4359 15   4359 15   4359 15   4606 15   4752 15   4752 15   4758 15",
          "4292:   4992 15   5064 15   5070 15   7840 28   7840 28   7840 28   7840 28",
          "4293:   8447 28   8599 28   9206 34   9206 34   9206 34   9206 34   9206 34",
          "4294:   10028 74   10028 74   10028 74   10051 34   10165 34   10396 65   10396 65",
          "4295:   10396 65   10396 65   10449 74   10471 74   10529 65   10699 74   10751 65",
          "4296:   10833 74   11002 81   11002 81   11002 81   11002 81   11010 41   11010 41",
          "4297:   11079 65   11115 81   11123 41   11259 81   11359 65   11375 65   11441 57",
          "4298:   11441 57   11441 57   11441 57   11441 57   11441 57   11639 41   11776 57",
          "4299:   11787 41   11841 81   11841 81   11901 81   12370 57   12529 46   12529 46",
          "4300:   12529 46   12529 46   12529 46   12529 46   12529 46   12529 46   12529 46",
          "4301:   12824 46   13196 46}",
          "4303: do_execsql_test 5.4.5.1 {",
          "4304:   SELECT max(c) OVER win,",
          "4305:              min(c) OVER win",
          "4306:       FROM t3",
          "4307:       WINDOW win AS (  ORDER BY c  RANGE BETWEEN 6 PRECEDING AND 7 FOLLOWING   EXCLUDE TIES  )",
          "4308:       ORDER BY 1 , 2",
          "4309: } {102 102   113 113   113 113   133 133   148 148   160 158   160 158",
          "4310:   160 158   208 208   224 223   224 223   239 234   239 234   239 234",
          "4311:   252 247   257 247   257 247   257 250   257 252   295 295   309 309",
          "4312:   336 330   336 330   336 330   346 346   355 354   355 354   355 354",
          "4313:   399 393   399 393   399 393   399 393   399 393   412 412   421 421",
          "4314:   430 430   443 443   480 480   480 480   574 572   574 572   607 607",
          "4315:   618 618   618 618   634 627   634 627   634 627   634 627   634 629",
          "4316:   652 652   667 660   671 667   671 667   671 667   671 667   683 683",
          "4317:   711 705   716 705   716 711   730 726   730 726   762 759   768 759",
          "4318:   768 762   768 762   777 777   792 786   794 786   794 786   794 790",
          "4319:   805 805   822 822   845 839   845 839   845 839   845 839   845 839",
          "4320:   870 870   870 870   870 870   899 899   911 911   934 929   938 929",
          "4321:   938 934   938 934   963 959   963 959   979 979}",
          "4323: do_execsql_test 5.4.5.2 {",
          "4324:   SELECT sum(c) FILTER (WHERE (c%2)!=0) OVER win,",
          "4325:              rank() OVER win",
          "4326:       FROM t3",
          "4327:       WINDOW win AS (  ORDER BY c  RANGE BETWEEN 6 PRECEDING AND 7 FOLLOWING   EXCLUDE TIES  )",
          "4328:       ORDER BY 1 , 2",
          "4329: } {{} 1   {} 5   {} 6   {} 6   {} 8   {} 9   {} 25   {} 34   {} 36   {} 38",
          "4330:   {} 38   {} 40   {} 41   {} 43   {} 43   {} 50   {} 60   {} 61   {} 64",
          "4331:   {} 64   {} 67   {} 68   {} 69   {} 70   {} 72   {} 78   {} 78   {} 78",
          "4332:   {} 85   {} 85   113 2   113 2   133 4   223 10   223 11   239 12   239 13",
          "4333:   239 14   247 15   257 18   257 19   295 20   309 21   335 22   335 23",
          "4334:   335 24   355 27   355 27   421 35   443 37   504 16   504 17   607 42",
          "4335:   683 56   710 26   711 59   759 62   759 63   777 66   805 71   899 81",
          "4336:   911 82   929 83   929 84   979 89   1185 32   1185 32   1191 29   1191 29",
          "4337:   1334 51   1338 52   1338 52   1416 57   1416 58   1584 31   1684 73",
          "4338:   1684 73   1889 46   1889 46   1891 49   1922 87   1922 88   2005 54",
          "4339:   2005 55   2518 45   2518 48   2523 75   2523 76   2523 77}",
          "",
          "---------------"
        ]
      }
    },
    {
      "candidate_hash": "471e88f73255169ed00649f32ad92f4237044775",
      "candidate_info": {
        "commit_hash": "471e88f73255169ed00649f32ad92f4237044775",
        "repo": "sqlite/sqlite",
        "commit_url": "https://github.com/sqlite/sqlite/commit/471e88f73255169ed00649f32ad92f4237044775",
        "files": [
          "ext/fts3/fts3_write.c",
          "manifest",
          "manifest.uuid",
          "test/fts3corrupt4.test"
        ],
        "message": "Fix a segfault in fts3 that could occur when processing corrupt fts records.\n\nFossilOrigin-Name: dff24c6c7a4e7623984b5bb24c2ff14fe079dc49a0ad048cbfc66f84c08875b0",
        "before_after_code_files": [
          "ext/fts3/fts3_write.c||ext/fts3/fts3_write.c",
          "manifest.uuid||manifest.uuid",
          "test/fts3corrupt4.test||test/fts3corrupt4.test"
        ]
      },
      "candidate_patch_features": {
        "candidate_earlier_than_patch": 1,
        "same_branch_evolution": 1,
        "olp_code_files": {
          "patch": [
            "manifest.uuid||manifest.uuid"
          ],
          "candidate": [
            "manifest.uuid||manifest.uuid"
          ]
        }
      },
      "candidate_diff": {
        "ext/fts3/fts3_write.c||ext/fts3/fts3_write.c": [
          "File: ext/fts3/fts3_write.c -> ext/fts3/fts3_write.c",
          "--- Hunk 1 ---",
          "[Context before]",
          "4560:   blobGrowBuffer(pNew, nNode, &rc);",
          "",
          "[Removed Lines]",
          "[None]",
          "",
          "[Added Lines]",
          "4559:   if( nNode<1 ) return FTS_CORRUPT_VTAB;",
          "4560:   bLeaf = aNode[0]=='\\0';",
          "",
          "---------------"
        ],
        "manifest.uuid||manifest.uuid": [
          "File: manifest.uuid -> manifest.uuid",
          "--- Hunk 1 ---",
          "[Context before]",
          "[No context available]",
          "",
          "[Removed Lines]",
          "1: 2da0eea02d128c37f2fbe764227ac526d3e993284516544adc0a216a035c5676",
          "",
          "[Added Lines]",
          "[None]",
          "",
          "---------------"
        ],
        "test/fts3corrupt4.test||test/fts3corrupt4.test": [
          "File: test/fts3corrupt4.test -> test/fts3corrupt4.test",
          "--- Hunk 1 ---",
          "[Context before]",
          "4845: do_catchsql_test 27.6 {",
          "4846:   INSERT INTO t1(t1) SELECT x FROM t2;",
          "4847: } {0 {}}",
          "4849: finish_test",
          "",
          "[Removed Lines]",
          "[None]",
          "",
          "[Added Lines]",
          "4849: #-------------------------------------------------------------------------",
          "4850: reset_db",
          "4851: do_test 28.0 {",
          "4852:   sqlite3 db {}",
          "4853:   db deserialize [decode_hexdb {",
          "4854: .open --hexdb",
          "4855: | size 28672 pagesize 4096 filename crash-159ac1ca51ed55.db",
          "4856: | page 1 offset 0",
          "4857: |      0: 53 51 4c 69 74 65 20 66 6f 72 6d 61 74 20 33 00   SQLite format 3.",
          "4858: |     16: 10 00 01 01 00 40 20 20 00 00 00 00 00 00 00 00   .....@  ........",
          "4859: |     96: 00 00 00 00 0d 0e b1 00 06 0d a4 00 0f 8d 0f 21   ...............!",
          "4860: |    112: 0e b9 0d c8 0e 7e 0d a4 00 00 00 00 00 00 00 00   .....~..........",
          "4861: |   3488: 00 00 00 00 22 07 06 17 11 11 01 31 74 61 62 6c   ...........1tabl",
          "4862: |   3504: 65 74 32 74 32 07 43 52 45 41 54 45 20 54 41 42   et2t2.CREATE TAB",
          "4863: |   3520: 4c 45 20 74 32 28 78 29 81 33 05 07 17 1f 1f 01   LE t2(x).3......",
          "4864: |   3536: 82 35 74 61 62 6c 65 74 31 5f 73 65 67 64 69 72   .5tablet1_segdir",
          "4865: |   3552: 74 31 5f 73 65 67 64 69 72 05 43 52 45 41 54 45   t1_segdir.CREATE",
          "4866: |   3568: 20 54 41 42 4c 45 20 27 74 31 5f 73 65 67 64 69    TABLE 't1_segdi",
          "4867: |   3584: 72 27 28 6c 65 76 65 6c 20 49 4e 54 45 47 45 52   r'(level INTEGER",
          "4868: |   3600: 2c 69 64 78 20 49 4e 54 45 47 45 52 2c 73 74 61   ,idx INTEGER,sta",
          "4869: |   3616: 72 74 5f 62 6c 6f 63 6b 20 49 4e 54 45 47 45 52   rt_block INTEGER",
          "4870: |   3632: 2c 6c 65 61 76 65 73 5f 65 6e 64 5f 62 6c 6f 63   ,leaves_end_bloc",
          "4871: |   3648: 6b 20 49 4e 54 45 47 45 52 2c 65 6e 64 5f 62 6c   k INTEGER,end_bl",
          "4872: |   3664: 6f 63 6b 20 49 4e 54 45 47 45 52 2c 72 6f 6f 74   ock INTEGER,root",
          "4873: |   3680: 20 42 4c 4f 42 2c 50 52 49 4d 41 52 59 20 4b 45    BLOB,PRIMARY KE",
          "4874: |   3696: 59 28 6c 65 76 65 6c 2c 20 69 64 78 29 29 31 06   Y(level, idx))1.",
          "4875: |   3712: 06 17 45 1f 01 00 69 6e 64 65 78 73 71 6c 69 74   ..E...indexsqlit",
          "4876: |   3728: 65 5f 61 75 74 6f 69 6e 64 65 78 5f 74 31 5f 73   e_autoindex_t1_s",
          "4877: |   3744: 65 67 64 69 72 5f 31 74 31 5f 73 65 67 64 69 72   egdir_1t1_segdir",
          "4878: |   3760: 06 0f c7 00 08 00 10 00 00 66 04 07 17 23 23 01   .........f...##.",
          "4879: |   3776: 81 13 74 61 62 6c 65 74 31 5f 73 65 67 6d 65 6e   ..tablet1_segmen",
          "4880: |   3792: 64 73 74 31 5f 73 65 67 6d 65 6e 74 73 04 43 52   dst1_segments.CR",
          "4881: |   3808: 45 41 54 45 20 54 41 42 4c 45 20 27 74 31 5f 73   EATE TABLE 't1_s",
          "4882: |   3824: 65 67 6d 65 6e 74 73 27 28 62 6c 6f 63 6b 69 64   egments'(blockid",
          "4883: |   3840: 20 49 4e 54 45 47 45 52 20 50 52 49 4d 41 52 59    INTEGER PRIMARY",
          "4884: |   3856: 20 4b 45 59 2c 20 62 6c 6f 63 6b 20 42 4c 4f 42    KEY, block BLOB",
          "4885: |   3872: 29 6a 03 07 17 21 21 01 81 1f 74 61 62 6c 65 74   )j...!!...tablet",
          "4886: |   3888: 31 4f 63 6f 6e 74 65 6e 74 74 31 5f 63 6f 6e 74   1Ocontentt1_cont",
          "4887: |   3904: 65 6e 74 03 43 52 45 41 54 45 20 54 41 42 4c 45   ent.CREATE TABLE",
          "4888: |   3920: 20 27 74 31 5f 63 6f 6e 74 65 6e 74 27 28 64 6f    't1_content'(do",
          "4889: |   3936: 63 69 64 20 49 4e 54 45 43 a5 52 20 50 52 39 4d   cid INTEC.R PR9M",
          "4890: |   3952: 41 52 59 20 4b 45 59 2c 20 27 63 30 61 27 2c 20   ARY KEY, 'c0a',",
          "4891: |   3968: 27 63 31 62 27 2c 20 27 63 32 63 27 29 38 02 06   'c1b', 'c2c')8..",
          "4892: |   3984: 17 11 11 08 5f 74 61 62 6c 65 74 31 74 31 43 52   ...._tablet1t1CR",
          "4893: |   4000: 45 41 54 45 20 56 49 52 54 55 41 4c 20 54 41 42   EATE VIRTUAL TAB",
          "4894: |   4016: 4c 45 20 74 31 20 55 53 49 4e 47 20 66 74 73 33   LE t1 USING fts3",
          "4895: |   4032: 28 61 2c 62 2c 63 29 00 00 00 00 00 00 00 00 00   (a,b,c).........",
          "4896: | page 3 offset 8192",
          "4897: |      0: 0d 00 00 00 26 0b 48 00 00 00 00 00 00 00 00 00   ....&.H.........",
          "4898: |   2880: 00 00 00 00 00 00 00 00 81 3f 25 06 00 72 7f 00   .........?%..r..",
          "4899: |   2896: 00 43 4f 4d 50 49 4c 45 52 3d 67 63 63 2d 35 2e   .COMPILER=gcc-5.",
          "4900: |   2912: 34 2e 30 20 32 30 31 36 30 36 30 39 20 44 55 42   4.0 20160609 DUB",
          "4901: |   2928: 55 47 20 45 4e 41 e4 7c 45 20 44 42 53 54 41 54   UG ENA.|E DBSTAT",
          "4902: |   2944: e4 46 54 41 42 20 45 4e 41 42 4c 45 20 46 54 53   .FTAB ENABLE FTS",
          "4903: |   2960: 34 20 45 4e 41 42 4c 45 20 46 54 53 35 20 45 4e   4 ENABLE FTS5 EN",
          "4904: |   2976: 41 42 1f 45 20 47 45 4f 50 4f 4c 59 20 45 4e 41   AB.E GEOPOLY ENA",
          "4905: |   2992: 42 4c 45 20 4a 53 4f 4e 31 20 45 4e 41 42 4c 45   BLE JSON1 ENABLE",
          "4906: |   3008: 20 4d 45 4d 53 59 53 35 20 45 4e 41 42 4c 45 20    MEMSYS5 ENABLE",
          "4907: |   3024: 42 54 52 45 45 20 4d 41 58 20 4d 45 4d 4f 52 59   BTREE MAX MEMORY",
          "4908: |   3040: 3d 35 30 30 30 30 30 30 30 20 4f 4c 49 54 20 4c   =50000000 OLIT L",
          "4909: |   3056: 4f 41 43 20 45 58 54 45 4e 53 49 4f 4e 21 54 48   OAC EXTENSION!TH",
          "4910: |   3072: 52 45 41 44 53 41 46 45 3d 2f 18 24 05 00 25 0f   READSAFE=/.$..%.",
          "4911: |   3088: 19 54 48 52 45 41 44 53 41 46 45 3d 30 58 42 49   .THREADSAFE=0XBI",
          "4912: |   3104: 4e 41 52 59 18 23 05 00 25 0f 19 54 48 52 45 41   NARY.#..%..THREA",
          "4913: |   3120: 44 53 41 4b 75 3d 30 58 4d 4f 43 41 53 45 17 22   DSAKu=0XMOCASE..",
          "4914: |   3136: 05 00 25 0f 17 54 48 52 45 41 44 53 41 46 46 3d   ..%..THREADSAFF=",
          "4915: |   3152: 30 58 52 54 52 49 4d 1f 21 05 00 33 0f 19 4f 4d   0XRTRIM.!..3..OM",
          "4916: |   3168: 49 54 20 4c 4f 41 44 20 45 58 54 45 4e 52 49 4f   IT LOAD EXTENRIO",
          "4917: |   3184: 4e 58 42 49 4e 41 52 59 1f 20 05 00 33 0f 19 4f   NXBINARY. ..3..O",
          "4918: |   3200: 4d 49 54 20 4c 4f 41 44 20 45 58 54 45 4e 53 49   MIT LOAD EXTENSI",
          "4919: |   3216: 4f 4e 58 4e 4f 43 41 53 45 1e 1f 05 00 33 0f 17   ONXNOCASE....3..",
          "4920: |   3232: 4f 4d 49 54 20 4c 4f 41 44 20 45 58 54 45 4e 53   OMIT LOAD EXTENS",
          "4921: |   3248: 49 4f 4e 58 52 54 52 49 4d 1f 1e 05 00 33 0f 19   IONXRTRIM....3..",
          "4922: |   3264: 4d 41 58 20 4d 45 4d 4f 52 59 3d 35 30 30 30 30   MAX MEMORY=50000",
          "4923: |   3280: 30 30 30 58 42 49 4e 41 52 59 1f 1d 05 00 33 0f   000XBINARY....3.",
          "4924: |   3296: 19 4d 41 58 20 4d 45 4d 4f 52 59 3d 35 30 30 30   .MAX MEMORY=5000",
          "4925: |   3312: 30 30 30 30 58 4e 4f 43 41 53 45 1e 1c 05 00 33   0000XNOCASE....3",
          "4926: |   3328: 0f 17 4d 42 b8 20 4d 45 4d 4f 52 59 3d 35 30 30   ..MB. MEMORY=500",
          "4927: |   3344: 30 30 30 30 30 58 52 54 52 4a 4d 18 1b 05 00 25   00000XRTRJM....%",
          "4928: |   3360: 0f 19 45 4e 41 42 4c 45 20 52 54 52 45 45 58 42   ..ENABLE RTREEXB",
          "4929: |   3376: 49 4e 41 52 59 18 1a 05 0d a5 0f 19 45 4e 41 42   INARY.......ENAB",
          "4930: |   3392: 4c 45 20 52 54 52 45 45 58 4e 4f 43 41 53 45 17   LE RTREEXNOCASE.",
          "4931: |   3408: 19 1c 00 25 0f 17 45 4e 41 42 4c 45 20 52 54 52   ...%..ENABLE RTR",
          "4932: |   3424: 45 45 58 52 54 52 49 4d 1a 18 05 00 29 0f 19 45   EEXRTRIM....)..E",
          "4933: |   3440: 4e 41 42 4c 45 20 4d 45 4d 53 59 53 35 58 42 49   NABLE MEMSYS5XBI",
          "4934: |   3456: 4e 41 52 59 1a 17 05 00 29 0f 19 45 4e 41 42 4c   NARY....)..ENABL",
          "4935: |   3472: 45 20 4d 45 4d 53 59 53 35 58 4e 4f 43 41 53 45   E MEMSYS5XNOCASE",
          "4936: |   3488: 19 16 05 00 29 0f 17 45 4e 41 42 4c 45 20 4d 45   ....)..ENABLE ME",
          "4937: |   3504: 4d 53 59 53 35 58 52 54 52 49 4d 18 14 05 01 25   MSYS5XRTRIM....%",
          "4938: |   3520: 0f 19 45 4e 12 42 4c 45 20 4a 53 4f 4e 31 58 42   ..EN.BLE JSON1XB",
          "4939: |   3536: 49 4e 41 52 59 18 14 05 00 25 09 d9 45 4e 41 42   INARY....%..ENAB",
          "4940: |   3552: 4c 45 20 4a 53 4f 3e 31 58 4e 4f 43 41 53 45 17   LE JSO>1XNOCASE.",
          "4941: |   3568: 13 05 00 25 0f 17 44 4e 40 42 4c 45 20 4a 53 4f   ...%..DN@BLE JSO",
          "4942: |   3584: 4e 31 58 52 54 52 49 4d 1a 12 05 82 29 0f 19 45   N1XRTRIM....)..E",
          "4943: |   3600: 4e 41 42 4c 45 20 47 45 4f 50 4f 4c 59 58 42 49   NABLE GEOPOLYXBI",
          "4944: |   3616: 4e 41 52 59 1a 11 05 c9 29 e8 19 46 4e 41 42 4c   NARY....)..FNABL",
          "4945: |   3632: 48 c0 47 45 4f 50 4f 4c 59 58 4e 74 43 41 53 45   H.GEOPOLYXNtCASE",
          "4946: |   3648: 19 10 05 00 29 0f 17 45 4e 41 42 4c 45 20 47 45   ....)..ENABLE GE",
          "4947: |   3664: 4f 50 4f 4c 59 58 52 54 52 49 4d 17 0f 05 00 23   OPOLYXRTRIM....#",
          "4948: |   3680: 0f 19 45 4e 41 42 4c 45 30 46 54 53 35 58 42 49   ..ENABLE0FTS5XBI",
          "4949: |   3696: 4e 41 52 59 17 0e 05 00 23 0f 19 45 4e 41 42 4c   NARY....#..ENABL",
          "4950: |   3712: 45 20 46 54 53 35 58 4e 4f 43 41 53 45 16 0e 05   E FTS5XNOCASE...",
          "4951: |   3728: 00 23 0f 17 45 4e 41 42 4c 45 20 46 54 53 35 58   .#..ENABLE FTS5X",
          "4952: |   3744: 52 54 52 49 4d 17 0c 05 00 23 0f 19 45 4e 41 42   RTRIM....#..ENAB",
          "4953: |   3760: 4c 45 20 46 54 53 34 58 42 49 4e 41 52 59 17 0b   LE FTS4XBINARY..",
          "4954: |   3776: 04 ff 23 0f 19 45 4e 41 42 4c 45 20 46 54 53 34   ..#..ENABLE FTS4",
          "4955: |   3792: 58 4e 4f 43 41 53 45 16 0a 05 00 23 0f 17 45 4e   XNOCASE....#..EN",
          "4956: |   3808: 41 42 4c 45 20 46 54 53 34 58 52 54 52 49 4d 1e   ABLE FTS4XRTRIM.",
          "4957: |   3824: 09 05 00 31 0f 19 45 4e 42 42 4c 45 20 44 42 53   ...1..ENBBLE DBS",
          "4958: |   3840: 54 41 54 20 56 54 41 42 58 42 49 4e 41 52 59 1e   TAT VTABXBINARY.",
          "4959: |   3856: 08 05 00 31 0f 19 45 4e 41 42 4c 45 20 44 42 53   ...1..ENABLE DBS",
          "4960: |   3872: 54 41 54 20 56 54 41 42 58 4e 4f 43 41 53 45 1d   TAT VTABXNOCASE.",
          "4961: |   3888: 07 05 00 31 0f 17 45 4e 41 42 4c 45 20 44 42 53   ...1..ENABLE DBS",
          "4962: |   3904: 54 41 54 20 56 54 41 42 58 52 54 52 4a 4d 11 06   TAT VTABXRTRJM..",
          "4963: |   3920: 05 f0 17 0f 19 44 45 42 55 47 58 42 49 4e 41 52   .....DEBUGXBINAR",
          "4964: |   3936: 59 11 05 09 b0 17 0e 19 44 45 42 55 47 58 4e 4f   Y.......DEBUGXNO",
          "4965: |   3952: 43 41 53 45 10 04 05 00 17 0f 16 44 45 42 55 47   CASE.......DEBUG",
          "4966: |   3968: 58 52 54 52 49 4d 27 03 05 00 43 0f 19 43 4f 4d   XRTRIM'...C..COM",
          "4967: |   3984: 50 49 4c 45 52 3d 67 63 63 2d 35 2e 34 2e 30 20   PILER=gcc-5.4.0",
          "4968: |   4000: 32 30 31 36 30 36 30 39 58 42 49 4e 41 52 59 27   20160609XBINARY'",
          "4969: |   4016: 02 05 00 43 0f 19 43 4f 4d 50 49 4c 45 52 4d 67   ...C..COMPILERMg",
          "4970: |   4032: 63 63 2d 35 2e 34 2e 30 20 32 30 31 36 30 36 30   cc-5.4.0 2016060",
          "4971: |   4048: 39 58 4e 4f 43 41 53 45 26 01 06 00 43 0f 17 43   9XNOCASE&...C..C",
          "4972: |   4064: 4f 4d 50 49 4b 45 52 3d 67 63 63 2d 35 2e 34 2e   OMPIKER=gcc-5.4.",
          "4973: |   4080: 30 20 32 30 31 36 30 36 40 39 58 29 54 52 49 4d   0 201606@9X)TRIM",
          "4974: | page 4 offset 12288",
          "4975: |      0: 0d 00 10 00 00 10 00 00 00 00 00 00 00 00 00 00   ................",
          "4976: | page 5 offset 16384",
          "4977: |      0: 0d 00 00 00 02 0b a0 00 00 00 00 00 00 00 00 00   ................",
          "4978: |   2976: 82 0a 02 08 08 09 08 08 17 84 06 30 20 32 35 33   ...........0 253",
          "4979: |   2992: 00 01 30 04 25 06 1b 00 00 08 32 30 31 36 30 36   ..0.%.....201606",
          "4980: |   3008: 30 39 03 25 07 00 00 01 34 03 25 05 00 00 01 35   09.%....4.%....5",
          "4981: |   3024: 03 25 04 00 4d 07 30 30 30 30 30 30 30 03 25 1a   .%..M.0000000.%.",
          "4982: |   3040: 00 00 08 63 6f 6d 70 69 6c 65 72 03 25 02 00 00   ...compiler.%...",
          "4983: |   3056: 06 64 62 73 74 61 74 03 25 0a 00 01 04 65 62 75   .dbstat.%....ebu",
          "4984: |   3072: 67 03 25 08 00 00 06 65 6e 61 62 6c 65 09 25 09   g.%....enable.%.",
          "4985: |   3088: 05 04 04 04 04 04 00 01 08 78 74 65 6e 73 69 6f   .........xtensio",
          "4986: |   3104: 6e 03 25 1d 00 00 04 66 74 73 34 03 25 0d 00 03   n.%....fts4.%...",
          "4987: |   3120: 01 35 03 25 0f 00 00 03 67 63 63 03 25 03 00 01   .5.%....gcc.%...",
          "4988: |   3136: 06 65 6f 70 6f 6c 79 03 25 10 ff ff f5 6a 73 6f   .eopoly.%....jso",
          "4989: |   3152: 6e 31 03 25 13 00 00 04 6c 6f 61 64 03 25 1c 00   n1.%....load.%..",
          "4990: |   3168: 00 03 6d 71 78 03 25 18 00 01 05 65 6e 6f 72 79   ..mqx.%....enory",
          "4991: |   3184: 03 25 19 00 03 04 ce 79 73 4d 03 25 15 00 00 04   .%.....ysM.%....",
          "4992: |   3200: 6f 6d 69 74 03 25 1b 00 00 05 72 74 72 65 65 03   omit.%....rtree.",
          "4993: |   3216: 25 17 00 00 0a 7f 08 72 65 61 64 73 61 66 65 03   %......readsafe.",
          "4994: |   3232: 25 0e 00 00 04 76 75 61 62 03 25 0b 00 86 50 01   %....vuab.%...P.",
          "4995: |   3248: 08 08 08 08 08 17 8d 12 30 20 38 33 35 00 01 30   ........0 835..0",
          "4996: |   3264: 12 01 06 00 01 06 00 01 06 00 1f 03 00 01 03 09   ................",
          "4997: |   3280: 51 03 00 00 09 32 30 31 36 30 36 30 39 09 01 07   Q....20160609...",
          "4998: |   3296: 00 01 07 00 01 07 00 00 01 34 09 01 05 00 01 05   .........4......",
          "4999: |   3312: 00 01 05 00 00 01 35 09 01 04 00 01 03 ff 01 04   ......5.........",
          "5000: |   3328: 00 01 07 30 30 30 30 30 30 30 09 1c 04 00 01 04   ...0000000......",
          "5001: |   3344: 00 01 04 00 00 06 62 69 6e 61 72 79 3c 03 01 02   ......binary<...",
          "5002: |   3360: 02 00 03 01 02 02 00 03 01 02 02 00 03 01 02 02   ................",
          "5003: |   3376: 00 03 01 02 02 00 02 f1 02 02 00 03 01 02 02 00   ................",
          "5004: |   3392: 03 01 02 02 00 03 01 02 02 00 03 01 02 02 00 03   ................",
          "5005: |   3408: 01 02 02 00 03 01 02 02 00 00 08 63 6f 6d 70 69   ...........compi",
          "5006: |   3424: 6c 65 72 09 01 02 00 01 02 00 01 02 00 00 06 67   ler............g",
          "5007: |   3440: d2 73 74 61 74 09 07 03 00 01 03 00 01 03 00 01   .stat...........",
          "5008: |   3456: 04 65 62 75 67 09 04 02 00 01 02 00 01 02 00 00   .ebug...........",
          "5009: |   3472: 06 65 6e 6f 82 6c 65 3f 07 02 00 01 02 00 01 02   .eno.le?........",
          "5010: |   3488: b0 01 02 00 00 f2 00 11 02 00 01 02 00 01 02 00   ................",
          "5011: |   3504: 01 02 00 01 02 00 01 02 00 01 a6 00 01 02 00 01   ................",
          "5012: |   3520: 02 05 51 02 00 01 02 00 01 02 00 01 02 00 01 02   ..Q.............",
          "5013: |   3536: 00 01 02 00 01 02 00 01 08 78 74 65 6e 73 69 6f   .........xtensio",
          "5014: |   3552: 6e 09 1f 04 00 01 04 00 00 04 00 00 04 66 74 73   n............fts",
          "5015: |   3568: 34 09 0a 03 00 01 03 00 01 03 00 03 01 35 09 0d   4............5..",
          "5016: |   3584: 03 00 01 03 00 01 03 00 00 03 67 63 63 09 01 03   ..........gcc...",
          "5017: |   3600: 00 01 03 00 01 03 00 01 06 65 6f 70 73 6c 79 09   .........eopsly.",
          "5018: |   3616: 10 03 00 01 03 00 01 03 00 00 05 6a 73 6f 6e 31   ...........json1",
          "5019: |   3632: 09 13 03 00 01 03 00 01 03 00 00 04 6c 6f 61 64   ............load",
          "5020: |   3648: 09 1f 03 00 01 03 00 01 03 00 00 03 6d 61 78 09   ............max.",
          "5021: |   3664: 1c 02 00 01 02 00 01 02 00 01 05 65 6d 6f 72 79   ...........emory",
          "5022: |   3680: 09 1c 03 00 01 03 00 01 03 00 03 04 73 79 73 35   ............sys5",
          "5023: |   3696: 09 16 03 00 01 03 00 01 03 00 00 06 6e 6f 63 61   ............noca",
          "5024: |   3712: 73 65 3c 02 01 02 02 00 03 01 12 02 00 03 01 02   se<.............",
          "5025: |   3728: 02 00 03 01 02 02 00 03 01 02 02 00 03 01 02 02   ................",
          "5026: |   3744: 00 03 01 02 02 00 03 01 02 02 00 03 01 02 02 00   ................",
          "5027: |   3760: 0f 71 02 02 00 03 01 02 02 00 03 6f 02 02 00 00   .q.........o....",
          "5028: |   3776: 04 6f 6d 69 74 09 1f 02 00 01 02 00 01 02 00 00   .omit...........",
          "5029: |   3792: 05 72 74 72 65 65 09 19 03 00 01 03 00 01 03 00   .rtree..........",
          "5030: |   3808: 03 02 69 6d 3c 01 01 02 02 00 03 01 02 02 00 03   ..im<...........",
          "5031: |   3824: 01 02 02 00 03 01 02 02 00 03 01 02 02 00 03 01   ................",
          "5032: |   3840: 02 02 00 03 01 02 02 00 03 01 02 02 00 03 01 02   ................",
          "5033: |   3856: 02 00 03 01 02 02 00 03 01 02 02 00 03 01 02 02   ................",
          "5034: |   3872: 00 00 0a 74 68 72 65 61 64 73 61 66 65 09 22 02   ...threadsafe...",
          "5035: |   3888: 00 01 02 00 01 02 00 00 04 76 74 61 62 09 07 04   .........vtab...",
          "5036: |   3904: 00 01 04 00 01 04 00 00 01 78 b4 01 01 01 01 02   .........x......",
          "5037: |   3920: 00 01 01 01 02 00 01 01 01 02 00 01 01 01 02 00   ................",
          "5038: |   3936: 01 01 01 02 00 01 01 01 02 00 01 01 01 02 00 01   ................",
          "5039: |   3952: 01 01 02 00 01 01 01 07 30 01 01 01 02 00 01 01   ........0.......",
          "5040: |   3968: 01 02 00 11 01 01 02 00 01 01 01 02 00 11 01 01   ................",
          "5041: |   3984: 02 00 01 01 01 02 00 01 01 01 02 00 01 01 01 02   ................",
          "5042: |   4000: 00 01 01 01 02 00 01 01 01 02 00 01 01 01 02 00   ................",
          "5043: |   4016: 01 01 01 01 ff 01 01 01 02 00 01 01 01 02 00 01   ................",
          "5044: |   4032: 01 01 02 00 01 01 01 02 00 01 01 01 02 00 01 01   ................",
          "5045: |   4048: 01 02 00 01 01 01 02 00 01 01 01 02 00 01 01 01   ................",
          "5046: |   4064: 02 00 01 01 01 02 00 01 01 01 02 00 01 01 01 02   ................",
          "5047: |   4080: 00 01 01 01 02 00 01 01 01 02 00 01 01 01 02 00   ................",
          "5048: | page 6 offset 20480",
          "5049: |      0: 0a 00 00 00 02 0f f5 00 00 00 00 00 00 00 00 00   ................",
          "5050: |   4080: 00 00 00 00 00 05 04 08 09 01 02 04 04 08 08 09   ................",
          "5051: | page 7 offset 24576",
          "5052: |      0: 0d 00 00 00 05 0f b8 00 0e f4 0f e9 10 d6 0f c7   ................",
          "5053: |   4016: 00 00 00 00 00 00 00 00 0d 05 02 23 61 75 74 6f   ...........#auto",
          "5054: |   4032: 6d 65 72 67 65 3d 35 0d 04 02 23 6d 65 72 67 65   merge=5...#merge",
          "5055: |   4048: 3d 31 00 00 00 00 00 00 00 00 00 00 00 00 00 00   =1..............",
          "5056: | end crash-159ac1ca51ed55.db",
          "5057: }]} {}",
          "5059: do_catchsql_test 28.1 {",
          "5060:   WITH RECURSIVE c(x) AS (VALUES(1) UNION ALL SELECT 3+x FROM c WHERE x<72)",
          "5061:     INSERT INTO t1(a) SELECT randomblob(2829) FROM c;",
          "5062: } {0 {}}",
          "5064: do_catchsql_test 28.1 {",
          "5065:   UPDATE t1 SET b=quote((true) ) WHERE t1 MATCH 'h';",
          "5066: } {0 {}}",
          "5068: do_catchsql_test 28.1 {",
          "5069:   WITH RECURSIVE c(x) AS (VALUES(1) UNION ALL SELECT 3+x FROM c WHERE x<72)",
          "5070:     INSERT INTO t1(a) SELECT randomblob(2829) FROM c;",
          "5071: } {0 {}}",
          "5073: do_catchsql_test 28.1 {",
          "5074:   WITH c(x) AS (VALUES(1) UNION ALL SELECT 3<<x FROM c WHERE x<72)",
          "5075:     INSERT INTO t1(a) SELECT randomblob(2829) FROM c;",
          "5076: } {0 {}}",
          "5078: do_catchsql_test 28.1 {",
          "5079:   WITH RECURSIVE c(x) AS (VALUES(1) UNION ALL SELECT 3+x FROM c WHERE x<72)",
          "5080:     INSERT INTO t1(a) SELECT randomblob(2829) FROM c;",
          "5081: } {0 {}}",
          "5083: do_catchsql_test 28.1 {",
          "5084:   WITH c(x) AS (VALUES(1) UNION ALL SELECT 3<<x FROM c WHERE x<72)",
          "5085:     INSERT INTO t1(a) SELECT randomblob(2829) FROM c;",
          "5086: } {0 {}}",
          "5088: do_catchsql_test 28.1 {",
          "5089:   WITH RECURSIVE c(x) AS (VALUES(1) UNION ALL SELECT x+3 FROM c WHERE x<72)",
          "5090:     INSERT INTO t1(a) SELECT randomblob(2829) FROM c;",
          "5091: } {0 {}}",
          "5093: do_catchsql_test 28.1 {",
          "5094:   INSERT INTO t1(t1) SELECT x FROM t2;",
          "5095: } {0 {}}",
          "",
          "---------------"
        ]
      }
    },
    {
      "candidate_hash": "30d3b0ceb55f4a1fcf661236dee0cd0437f35fcb",
      "candidate_info": {
        "commit_hash": "30d3b0ceb55f4a1fcf661236dee0cd0437f35fcb",
        "repo": "sqlite/sqlite",
        "commit_url": "https://github.com/sqlite/sqlite/commit/30d3b0ceb55f4a1fcf661236dee0cd0437f35fcb",
        "files": [
          "manifest",
          "manifest.uuid",
          "src/vdbemem.c"
        ],
        "message": "Ensure that UTF16 strings are properly zero-terminated before returning them in an sqlite3_value_text16() request, even if the string is invalid UTF16 because it was formed from an arbitrary and/or odd-length BLOB.\n\nFossilOrigin-Name: 3a16ddf91f0c9c516a7fc2a9d4a4f69a8326f9b8ea66421e9ef1a2d663687b70",
        "before_after_code_files": [
          "manifest.uuid||manifest.uuid",
          "src/vdbemem.c||src/vdbemem.c"
        ]
      },
      "candidate_patch_features": {
        "candidate_earlier_than_patch": 1,
        "same_branch_evolution": 1,
        "olp_code_files": {
          "patch": [
            "manifest.uuid||manifest.uuid"
          ],
          "candidate": [
            "manifest.uuid||manifest.uuid"
          ]
        }
      },
      "candidate_diff": {
        "manifest.uuid||manifest.uuid": [
          "File: manifest.uuid -> manifest.uuid",
          "--- Hunk 1 ---",
          "[Context before]",
          "[No context available]",
          "",
          "[Removed Lines]",
          "1: a9b90aa12eecdd9f2a8b2d23da8b7cac43d8b1789f5cefa3f4e939d9f2b59269",
          "",
          "[Added Lines]",
          "[None]",
          "",
          "---------------"
        ],
        "src/vdbemem.c||src/vdbemem.c": [
          "File: src/vdbemem.c -> src/vdbemem.c",
          "--- Hunk 1 ---",
          "[Context before]",
          "274: static SQLITE_NOINLINE int vdbeMemAddTerminator(Mem *pMem){",
          "276:     return SQLITE_NOMEM_BKPT;",
          "277:   }",
          "278:   pMem->z[pMem->n] = 0;",
          "279:   pMem->z[pMem->n+1] = 0;",
          "280:   pMem->flags |= MEM_Term;",
          "281:   return SQLITE_OK;",
          "282: }",
          "",
          "[Removed Lines]",
          "275:   if( sqlite3VdbeMemGrow(pMem, pMem->n+2, 1) ){",
          "",
          "[Added Lines]",
          "280:   if( sqlite3VdbeMemGrow(pMem, pMem->n+3, 1) ){",
          "285:   pMem->z[pMem->n+2] = 0;",
          "",
          "---------------"
        ]
      }
    }
  ]
}